name,id,track
Dave,gig1g5ugxxaprg5037v9s4e85,"['7iLuBTHJSXM2HalKHFqEEy', '5a6ABzVhqgVKI1znaI9tar', '1ZMGp9MTXbtAPvcKa0U3zS', '16EJNayKtC09M0Fi7Py47s', '6oYcyS6salzWI1ysjEScFh', '3yWHQ4n4ARLDfYTuT2NhnN', '0HhSB4nAJpI5expWnZL199', '0bKDQionn4VKcgNKbs4SWX', '1x3Qb8np6S1UvpSLthwEJN', '0SsUOrXUM2gZxVLYizZfQZ', '140mKM0QazbT10CiJL5vwZ', '3RcIrFXQznv7QwwCiKqL0V', '1PWOkqMORYdGa0OEh2GaXM', '3gUzi41YOt3VExeyHSLsMj', '4EC028SvtlC25iHQSG2OIa', '71r3UlkV7sWvUYjas5paqi', '3nNxdeQX9iFeuosMcFEeDd', '01DXwNf1GzEJkYTbXgL0eb', '2wDBnfPlixUHdqrS1HvpvY', '1eDC4NiUYgQSKpKDIvXxi4', '7iWj2iaIC6rZ13MC6yBeDH', '5BqUbKq9rCMrCkRtAiz8XA', '5YSR0sWUZk7NuIbkycxndu', '6ojrj2NSj3EkMm05yiuaMG', '22gH5Qg5j5ZzF7LaR7Nrkj', '1XpmMe95dk9jh3zuOMpeU2', '6DWJhb5KfEbOOXlEcpqfh6', '3h043RAJ7tKaG1HDFeet6w', '19yag4qL1J2lwjSSgwSXVG', '2p5OyhSm5fS90n0Q7R3r6D', '27qYCnvju6ZMeeE6TtruIE', '4zN21mbAuaD0WqtmaTZZeP', '5yfE6GXTuJaAlepKoE0wJE', '5HujDMiRNqZwEzVAh3oFD3', '0Dz9zyx2w3zYtRK6yp3VKD', '0ZiogQxvS89G2OFRMXimOU', '6yaNNYWPjkWHbh1jADEyJO', '0gYXw7aPoybWFfB7btQ0eM', '6GqbjGT2Phm490iW8xPqcF', '2LVtLW8u1MOgdFNwY7lpeY', '50X2t59dfVBv9jTmC6YVSf', '4LRPiXqCikLlN15c3yImP7', '1P6TlFb8EVH2nCX3luVpZW', '3EyZw5sCXxOkE8EWsOIkB1', '6SQmh0L5icrThwGDTeLkg1', '3z0GeNGWyVduziP1cQ0mFN', '6Tj82tvIsDmfMTskuomuEq', '1uXJYnCsXy2v50y0fDEEiV', '6HFbq7cewJ7rPiffV0ciil', '2Yqu17I4aySNBwlWCaIsIW', '6Pnziw2QOsrYVJjvXpZ8fZ', '4QBXMgfDKmmVrYEqICIPxJ', '3RiPr603aXAoi4GHyXx0uy', '3nRk34K3sI8FVbb7vM3ucW', '0PQxC8NHgiKXLK3Zm6QoCj', '21Ay8mJRYQuOMZp7qyQXl6', '46HNZY1i7O6jwTA7Slo2PI', '4s2JGsbchZ8fNiqhIPjCZq', '6BUueuMQR4k7CuoMEsnGou', '4Yi4RRhp3nfKR1FDbXlHBp', '3YjriLRvztHSDJOZRTTiQz', '0DSq4f2grIJOrawmfXkrRy', '0WgVvy1KelQxG6KBUukTWI', '3qtuOAI0YyfoBM1s7Tvm46', '547U7wMTCXx6wuloZ9pD7o', '3XucsgiwXb8KPn9Csf9Zmu', '0OHD6Ask31KqVqxge0OwlG', '4uUG5RXrOk84mYEfFvj3cK', '4gKkcGeCIH2JSfcJ07iJ0P', '2N4HQV7JawhkLDxsxUcN3W', '2UaTiaxdp9uaRb6fMy8qpR', '0wAP9Jg7g9Om8Ys9ryjuFn', '5LZVK19ieaV8Mk9FsqTL3F', '3QpmPJHkO6xLu5d0Pwz5gs', '4fouWK6XVHhzl78KzQ1UjL', '1Ame8XTX6QHY0l0ahqUhgv', '4HpqJZ9YSAaVsmfNGAyl9w', '7d7xucQmFY7PoESyJm2V9J', '0hluyTCTSua59xYuIRqpe5', '6byHOsfSzBH0R5WQ6QRv54', '6iBJqBzhUwmkACzHId9wPV', '6Z8R6UsFuGXGtiIxiD8ISb', '1NltEhWH77wzaYiFeg6ZUK', '5i12eplaUT5pPE5iC6B2FZ', '3uUuGVFu1V7jTQL60S1r8z', '4sE5wzpPd4s8kTdtVC18lY', '1KRTSDtOVwd4oTZ1gfzluB', '3fIB4IEcvjlzItwnFUvIBk', '0jLeyuu6mtsD384054xLah', '2r1SRt8bhtR6a9bMRR0AgV', '6bYWgUmK5MYEhTqNovU6tQ', '2tTmW7RDtMQtBk7m2rYeSw', '3Ai6pk40sx55M9cx0DQ5vR', '0y9EISDgybK8rz6tn0j2db', '4UpCWcaJdu26OxLwxd3baF', '6RUKPb4LETWmmr3iAEQktW', '53lZFYDTq1WuPva8hD8LwL', '1jJMhPp0Rm6lAi077PXeEQ', '02MWAaffLxlfxAUY7c5dvx', '1v9ABGLSpdhPDEWyQ10NFD', '6hnxbXF812r5wHMZwzTGYO']"
Diego,s0llvygqb9553uvo8rh958ws8,"['7cVaXZ82C3gzHt7WmomDyC', '6NNECt6PMWP4zfIJhPUnU3', '5ac6fzdjXA8kPXkLSKARtz', '6qEikx8igvtqWCYELJwugM', '1UZv0IZygPWw8yhPbtlcDy', '4sVGVELetDHBCYnnp7v7gd', '5UXwDPsLzfcO6ImlpElNDn', '5sz8z9sk61bGaamGtLjlUa', '1aky7U8cGPqOXfXlyYB8UO', '1yejde8wHtM3xCVubqhxMe', '0QZ9i7V8Iz9evpQZyQZesJ', '3jqcJNacs1yDhtMk0wckxv', '6xKKlNfGjemkcoTCTpfq0C', '0SegUKuIrRj0JL4Ynd0tzf', '7HemgkzmKvZn3qAPPfDAqS', '53MWTIFcZAFATFxp12sgEf', '0RTG9fbE9HY6kOZjzpaFAP', '5KDzaKsSYaHZqfI46gD7aT', '2F9xBxKbx2M0pbgtSu8fLf', '4qS7oSrVKcLRXpOIhfRyGH', '1lsxvmGEjPZRJKiO40K2zJ', '5QpFe4Zc4645Kk4gjD51L3', '4boaU9XaS1g6U1nV4lEsMl', '5Q45jaRAb0X73jDqyCb2uC', '0q6SjXK02E6Jz9hcy2d4or', '3yLvuPdRKQbVsyNXTiYte7', '6tRXfCfNdcAMICHdQerIuu', '6wR9EBBBU6u7LKYH0mvLR4', '6IPlZRt2tHYAzadTuigw4M', '4omilRXXRxIg6aKVgvBzkY', '7zTte1M5Ku0GsblNBXucLP', '3e9iyPIsfnbFhBMZkOpmTn', '1FxUEQ5YbCa2kQl3TH6dik', '3u7a2c9595rXVuZUEh9a8H', '6XWrR9pUzntzQ9KoDuDqx6', '5DzwCGF6z2wcQXq1vkrmaJ', '2Qb7LQYOECnFqWGKAQl6eJ', '7kaWkYSZE4ST4GjqzA0wIw', '4E5yceATJgW8Y146rnRWin', '3zGZphg2lOe868yRIhLZNE', '7qjUe6dPi2dVhkPH5eGIgR', '10IBKUHdG32mBQ30a6gPKK', '7Ag2ayIQrNteKIatjHlLey', '50cmlxiQmu5uljtVZxCwz7', '44P8Qp3p34DQmyyCxr21g1', '0oQOfVl2P3nRRYuAmKQl89', '2kd0z1CTx55hNNIg5nJ6Zn', '7CKhu3ApMaUXPbMDAOcjaJ', '5PcNK22fT1TUtuHQ3NEHI2', '6dBc15iKEhTBqbmFHZD4uM', '3RVvXUnzIW7tnkMNlhsisS', '3MgcFZQBGHK6QCXiOQheEi', '7tevfmj9mOyyLmgwEFTycQ', '1hqi1bWndhxisSENs61ZCT', '2cXtLOiUWyCDebAT65p5cJ', '1uQZpl8iEKPaIWl8zLbLIt', '700UEnWizRm2pVZ9pDreT5', '2gcEzw1WV1WZ0GhKL60FrV', '7il399lezGveBfUpkTT4gh', '596ryvJrVcmNJdKWNXVBJg', '1H56ZsNghX2mbWDeCpthUs', '4nFkU7sweYgReDsUzijEb1', '2IYwEjP3M8SrywWhfEWmPB', '5IUJR8YrITi9gvUqW5MlrB', '6GFw2lhnb3RhL4P9pLDx1v', '1Hgc4l8Y3NpgSrBhQVZcTk', '6ARZUPfNI7rFma7yKQwapQ', '77LIARgUVcQwFRxJQ8rqxE', '4klxn8fYi5yQgyhYGGJR0l', '1Z7ZDi6gVhsSux2EWYxgwd', '5pOY9SWWZAHcANumR9CkEL', '1M7QWS0TB8yMyVX2sSZIVx', '4IMb5hycmyoHvIs6WD3QOt', '6jyff5pywoegJ34ZLbPPSW', '4kjaFcMS86EfUzyG0P2Iqo', '2OgOIou518jP56b4hjW8Oh', '7yZg4YIEj8SZdOC2WElF0E', '1LBqfhcgcrTKuGyqOdLseO', '30dDwQwrqdz8jfOIkq5Rx0', '4yRhfk8vpbxpuqBiXITXfj', '3n1sUF40UvYLDUsr5e1vQS', '2vkiHcke0csY6GtzXFRoK8', '46QgWPt0nIKQ1H7dzPw0YX', '6XpScfYj7HxFvAwyOiY5wX', '0ul58GUYkYfRwAsJdQS98S', '0fA5ACVRyYxOa2ZpotHWFr', '3KM7yGlNhZwlosXest6rtu', '6m5jMjIgkUotjuMWGACwbk', '2v5frKIhRuyDA9lgaaesR6', '47NvOTByNIYWHgTkBP1QVg', '0DAlCLEtY9vvTRtLdbkvTX', '06AMpcajziFnEKniV25fiU', '7rE5lzTZkoEvtlD7mmlB8Q', '07NS8RzhH1OaKvt1L2my37', '5NuHwjlkmoLyw3F6T3EKHV', '2UGIAdscJnbOeLaAt5bvyq', '1a44ilIQCpMC8ztNGUV4uP', '5u0yol1OQk7RJorh1JM6tB', '6jVL0yMPGDpyU3FYyMCoCk', '497GNacwaZnIDyAhXzNlnN', '3QJ3gts5Qrh0TzoSoKd69G']"
Teo,11126184093,"['4T7nI6RllPyFPXJtIAtC7l', '4XvcHTUfIlWfyJTRG0aqlo', '1ws9IBGum9LLNEdSVNO2pH', '0oA9wBGDY4uyILLg4GymWP', '4tC2tHKt8xZfm36rqXSQxJ', '4RxdAzEmkPXTiIU6ULLoXh', '3Jm3tqkbHKfXlfwayEF38h', '0m4sXekK0cmzFMQZu4VFWS', '0nCgsAki7e7I243CUblGxU', '1gnKOz6FFFOcP3DqvDz0Rt', '5FUSmeF3iIYBXsANx5Z6A6', '0HhSB4nAJpI5expWnZL199', '28IEbk5a7twNTbUEvWslUb', '0fVDu1evgjX9CFD0cmuRrM', '22nyEAEM29tcBRhukR089b', '7AEHl3idZQDJmR38DBUzJf', '3w3y8KPTfNeOKPiqUTakBh', '1qR5M6imIjQEFXTsai8tcR', '2DTpP3caqX3QdJIEoS83mD', '2GCIED5HqkhovDIKIkOOMY', '5o7b90Y6y5kSrB15Tbjnip', '1sx0XsWUusUoPstbvokZjP', '6LZe8JfVaqcpq8yjkHtWQe', '1jQLZdYvUP2G9XzRzfLDGf', '25zlnOAzbVoOzIeXSvQFf1', '2c5Isyd07hWsl7AQia2Dig', '3vWzyGTu6Ovo1GdrcJqH6e', '5hmcw6bW5V24CvJqsz87We', '3U21A07gAloCc4P7J8rxcn', '2BLbXaOPrvqLKXDgf1DRFC', '2WObGIQXhjveq6yuXvf6VQ', '691df0fYjhhszUgQH3FGvP', '4s7CdZE34K2v2AH0EBKPEc', '4pMLcSYJgxfWtE5P7rpHPq', '4bBEPE5GmdBIFusBEPlRpQ', '2Y8hY4rRRQQjdaZkkwzpd9', '1TURPL0kG4SEOanrx37yeo', '0Dz9zyx2w3zYtRK6yp3VKD', '0Ns3nvzgfC6Yh3j5apV66n', '7A7SoEsLBOjOhIZu7UkOsl', '6dSG9AEKUEeLWSWG4gnPyY', '6BUueuMQR4k7CuoMEsnGou', '5a251qN4R86hro8UZGuO4E', '5VSmYYZYuSCSlOweGMpM1A', '2swRdG3vAk5bYBR3oSf1cg', '0SsUOrXUM2gZxVLYizZfQZ', '5xIlm5Scz7D2UFo6RyMMQE', '6RZo8T7GY9EoWZXC5i2587', '7k57GqXkbiHWEzZ1FwVGv7', '2BV9DfLskd29qDTCcMuPpZ', '0kUz4NuENHYVUChlthlNaB', '6SQmh0L5icrThwGDTeLkg1', '0N258KE4IMjv18ixXQcVgC', '6sQDWusdqRzPgF2XtqQ12b', '4Yi4RRhp3nfKR1FDbXlHBp', '6mB4UPssZYRDxKsxuixzJZ', '27wZD2DTZwQzPyTi4a4V1D', '3YuaBvuZqcwN3CEAyyoaei', '63TyoT9Ee03rQxv8xmdJ2l', '1oHClQEgDmmbcEx12Kc5nZ', '4YyShs1DikZWBV6AS3n2We', '1S1hUgw8Vg69BS6b83H3tV', '4hTErxf8ZqFNGH0hZqEoAI', '6HfOzLLjsaXsehIFEsrxTk', '79qxwHypONUt3AFq0WPpT9', '18e558ZXfj1oNA0uUmwxJl', '7IaKG0KbS45WDX7uFxLC5W', '1h1Imsn889ayY0VLC7sISU', '4NfQeTS1XcCCAMYyOXbtwA', '2sCl0FFOzZSmYZs90zOpd1', '7px3nxEoSvAHCvAZq3r38W', '3B5yl01KF06NkYG39BdTBa', '1Wbc0N0X1zkFqnKGcj8Quh', '79zfGzNiZq3gDBhQ0RDVmG', '5gmlZChnMOwpvC3K931t0x', '3gOmDnZ6kmiLz8H1YLbpRp', '1E8xVRD9lPeXJQ3vXIlJk2', '56i2Lo76YMcsJt1daDxSbJ', '1Uw9UJ25oqXVbld6BbmIsk', '4JHg4nNYUJQ5HULcCmI18R', '2jcF4IuDMppNu7r98SVfUg', '5ODOP1eIQKjtaFBYFSLWaG', '6EbVuwU7EnKeF2hdpViXCH', '30AnNG3dFbHLQuSbIVWEbF', '5W8jRrZ6tWrTrqnKRtIQBf', '27dNFX3mCkv6H1nFP9GiRY', '2wGSgTmgSF3xjRrHkTc25R', '1eDC4NiUYgQSKpKDIvXxi4', '5ychvxJuts6RyjQz2aoXqY', '7AVyve7cFYTd51ha5i9kE2', '0bkR7Dtapmz4cLUq0E1vw5', '3rOw9WmYFCRLHTRcbOjhUl', '0IoksfEt4rvLtPnVw09VlI', '6JPEGmxZ9pTBNDCyf4PMbf', '2LM2JJj3hQLCZRQFu1xu02', '4C6y2RRTu4RgBvE7IegDSi', '7ohj51SSBsOPh2phOZkn9d', '0Vj1NZXfHBTYakModYTjyi', '1neCDA6RdPCKLm9rC9lmCK', '5nwU8aKXeBozf61BWQJ0kw', '44ufS0CWp8uO4ILi3vpinQ']"
Ale,11147069621,"['0dKg2vGC1hFqcK5LGTaKzX', '6BUueuMQR4k7CuoMEsnGou', '7Kwo6P8aHu4Vo4kmd10MCt', '5EId1m4DNwTf3at31w8bPJ', '70TPpmAKLK49gcs58JqqWy', '3eJH2nAjvNXdmPfBkALiPZ', '37sINbJZcFdHFAsVNsPq1i', '18asYwWugKjjsihZ0YvRxO', '01DXwNf1GzEJkYTbXgL0eb', '1SOClUWhOi8vHZYMz3GluK', '5TMLavqGRKNxgzMBrVpC9R', '4fouWK6XVHhzl78KzQ1UjL', '7zx1i0jGcFwMBurajgKlO7', '4jPy3l0RUwlUI9T5XHBW2m', '7A9lnmpkWR2tPkcPWGbMqo', '7ef4DlsgrMEH11cDZd32M6', '6CDzDgIUqeDY5g8ujExx2f', '6RUKPb4LETWmmr3iAEQktW', '3uqFFmxrCv4nzkKFSNbXHv', '2B4GHvToeLTOBB4QLzW3Ni', '3uUuGVFu1V7jTQL60S1r8z', '2Ri0436JKFUsd3B3xa2jCe', '6f5ExP43esnvdKPddwKXJH', '7EQGXaVSyEDsCWKmUcfpLk', '5Z9KJZvQzH6PFmb8SNkxuk', '6BNMAb82xLiPv1ZngMQOBK', '3yMC1KsTwh0ceXdIe4QQAQ', '4h4QlmocP3IuwYEj2j14p8', '6oYcyS6salzWI1ysjEScFh', '3xVZYkcuWalGudeKl861wb', '6Za3190Sbw39BBC77WSS1C', '7zivIUyCw9MmYftdcayXnN', '5qbVso0dAtoI2gFhj7V8oG', '3w3y8KPTfNeOKPiqUTakBh', '5qaEfEh1AtSdrdrByCP7qR', '3Vi5XqYrmQgOYBajMWSvCi', '0e8nrvls4Qqv5Rfa2UhqmO', '6SQmh0L5icrThwGDTeLkg1', '2Er9ymJtdEkX3F3tTqn0yO', '4cfEpYjqgHCo2a7bzlPuwz', '2ZvsMMI4aOkMUo92MKQzFI', '6JIC3hbC28JZKZ8AlAqX8h', '3uNEz1wYbu8s34jKDVVhMs', '0ct6r3EGTcMLPtrXHDvVjc', '2tpWsVSb9UEmDRxAl1zhX1', '6b2HYgqcK9mvktt4GxAu72', '1r9xUipOqoNwggBpENDsvJ', '1RF02Cf80mTaeNXG2P2boR', '0SsUOrXUM2gZxVLYizZfQZ', '0I0b7uTFfHhBz5bMkSDouF', '5kqIPrATaCc2LqxVWzQGbk', '16EJNayKtC09M0Fi7Py47s', '4kbj5MwxO1bq9wjT5g9HaA', '4jbmgIyjGoXjY01XxatOx6', '7MmG8p0F9N3C4AXdK6o6Eb', '48QmG1dfvMuYLxMPt7KSRA', '0KAiuUOrLTIkzkpfpn9jb9', '1rqqCSm0Qe4I9rUvWncaom', '50nfwKoDiSYg8zOCREWAm5', '1x5sYLZiu9r5E43kMlt9f8', '1m69ELEgE6k5ZWsap40ozt', '15aJdXtfq3w4ULVTDKQ2VK', '35UUpTmrcFXNIVIN26ujXl', '6zbNaPbHWsB6V3rNhn3dPx', '3f5lA8nnc4YYF1qf78WpHw', '4Ljs6Dvpz7Arf9Ac8RN7tn', '6ft4hAq6yde8jPZY2i5zLr', '3vkQ5DAB1qQMYO4Mr9zJN6', '2ksOAxtIxY8yElEWw8RhgK', '14XAuSrVFla2uyMiYVwQtq', '3PfIrDoz19wz7qK7tYeu62', '37gwuBDbTwWUP1Wrs8orre', '4PJ3umtW1aWdfh5EITHc6T', '4zN21mbAuaD0WqtmaTZZeP', '6Y46tOTRhkBamosyuWa6YX', '7x5LIfBrVvnc4ktIIKq8la', '4ZtFanR9U6ndgddUvNcjcG', '7a53HqqArd4b9NF4XAmlbI', '3DmW6y7wTEYHJZlLo1r6XJ', '4JajIgqHJAV0Neboj76fqG', '1fidCEsYlaVE3pHwKCvpFZ', '5nujrmhLynf4yMoMtj8AQF', '3zkWCteF82vJwv0hRLba76', '0HdrGJfHWYG5A0cNhiMDG4', '32OlwWuMpZ6b0aN2RZOeMS', '4QNpBfC0zvjKqPJcyqBy9W', '00Blm7zeNqgYLPtW6zg8cj', '259SRHTgxzCM5PfvmAy2lp', '4HlFJV71xXKIGcU3kRyttv', '6ifUES3keWjwXgae8pXI3o', '6c32C8T3KlXrbvWSoD5aON', '6cUzgSDiOLBJkNir41dt04', '2CEgGE6aESpnmtfiZwYlbV', '4ThoVGWZoI3w0eKvKlWkej', '7fnHSgIITveyrYBAA1sxKR', '0oajb42iYpVw0yXkD7fc7f', '7mWFF4gPADjTQjC97CgFVt', '71wFwRo8xGc4lrcyKwsvba', '3FVa0R2evbgjVOd3bejudr', '00gEB0MSDWojSbzIt1TrFT', '4KilYheWwxakB1L43ECTeP']"
Pandarino,bea.passarino,"['7k5b0qVGM007o03HAMYY7p', '0E0kxko3i9b5JxxMoGH3At', '6TEftSkmWdTm1EpThnwqh6', '5HmxrDC6RrpkCDtMYQqkqx', '54ipXppHLA8U4yqpOFTUhr', '0wIxgiUk2S1hrwLr5Y0PIt', '6xGruZOHLs39ZbVccQTuPZ', '2nG54Y4a3sH9YpfxMolOyi', '0p5UWw5wVyzPOgCIx5T0tn', '4ZUpTMKPYFTfJqamWFU9Zv', '4Jj2d06MXqdW3SWq4xAo8K', '60dwJ8dnqZ4WrIdiu7LkNR', '1VMBapbhHidf6ALFszT7w1', '19bC1ceaYvTf1ByKQps3hZ', '3ya2HVjnFFV9y52uhj3qch', '2jfyY5GIc7wsYVIrCnjblC', '2wXfd4Vz6pzJrrPvGhpYz0', '6dGqGkYDoRrKh5UiIcTT22', '7aXxFccN9szosMa4zV716w', '2P61EK6DMGyVyssLWS4fKy', '5i6V88QD3nt9at4915JISY', '3M214U0mwSm041GsQR3nrO', '5l6ZWC6bWuHXmCcaG3hk1W', '19kX6hSlYH31js2SL4jgrj', '0eO2zq5fjPt41BreFmiIKw', '3BiWvG9j7UqmyOvMdC0DgO', '6XO7MAFWi7H1tHJUbXVHUb', '0yzj6eBs5a6X6d3P5qaQ5J', '0LtkAAEpEp1lkLX1ZvjHZb', '6d9tQk2l8UPqiwkf9ZUp6L', '07r7pX9Oa2oN1NQcTTFpJN', '1edgaGx2x2AQeWtL2OPEMW', '747LeNCUC3bF2h43E73rFh', '7iLuBTHJSXM2HalKHFqEEy', '6WIYu6WFgDf5kUSAQ0PF5v', '732E6ibFkQR5lNIPEeiEnx', '0xBlufYjHrtf8xk0QifNn1', '71r3UlkV7sWvUYjas5paqi', '5NNdmWEGsSQVT8fMdVKjLp', '2GkmE8BrD00ngyjs2PT9Fp', '66N0XT7yr2VuFxrMc8piUy', '3HKYCqtS4pX9YVKGLxfudI', '4aJJ9HEu9aE2LBmXFCCEtn', '3uwYgNxFDfx1GoLB6tLoUn', '5qRt4howTYyg3XzSNySKO8', '5jB0IkgKoNeHcCObpZuPXP', '1APefTkgjjwQfZbUWQkOFc', '5SGm0Q5Wur9mhpXnbzaPjG', '5UlnuulVAVmmesw4VzqHdG', '0k7WzMGRJ1IDUDM7Ku7qWA', '4bAKBlxMI0eNoy1aNonUrV', '0bKDQionn4VKcgNKbs4SWX', '6rBsmp96jxTRpFqQEfxAdY', '0b9eZe50TvLivR8cH1BjB4', '4YKS4nrDNuO1CExpiagvwZ', '64bFcGOGHhAtNtYzneEDJV', '6Y2Iom5hrfZyhBRGqcrJdc', '4sE5wzpPd4s8kTdtVC18lY', '7fHoIcqmjrcpPYvv1iaZk1', '7w2iqaRxQgAGnkOdMhsiqu', '3soSAbnGLuJeARGmegvMFJ', '1P6TlFb8EVH2nCX3luVpZW', '03eAPwWeNqWX88kcMWnN2h', '7AbpTqNbxpqWQjKcSOpYvq', '0YbFEoJi7Esa7lhIrEpBjl', '6Jn9qoprkuSfsRW7tTRkOV', '3pUlXJnQx66IitZVn8Lcki', '3f20I3nQsYDV980FMzsPQx', '7sA2SKTo1QbTSSYn5YvJC4', '66tVtoFKxaV62FBk5ihSPM', '4YlZUqzADShQdCaOOlQDOQ', '3tBZ60j1jQ7NJm8IjelyQe', '2ThaHV10xrAcL2WfqXyLnp', '7uawjOR4BPOhgxPegrMsoO', '40riOy7x9W7GXjyGp4pjAv', '5qqabIl2vWzo9ApSC317sa', '0z2bufPrU83RRPRaboj3B7', '5hQZDntIU1PbXhmH94kZoM', '1HVTKILoFFGViLNRozaQd0', '5LZVK19ieaV8Mk9FsqTL3F', '2FY7b99s15jUprqC0M5NCT', '0rKtyWc8bvkriBthvHKY8d', '2GRUGw1MY0ekyqYBLbkHpn', '2r1SRt8bhtR6a9bMRR0AgV', '5qaEfEh1AtSdrdrByCP7qR', '2CLSRCgy20pkIXXqpUY3Pn', '7xcUWyLh6fIMsYjoVI7NnZ', '5yfE6GXTuJaAlepKoE0wJE', '1qaWM3wK6aZZALpAPVdZ6D', '25wdC7CJmCJPgnKw9rYquJ', '5SehvGGC53A7SZKCLXQcyt', '1eDC4NiUYgQSKpKDIvXxi4', '3bwvtkLyVe7YWrKRlViloR', '6rD7CV7dyPBEMHt5MtXgD1', '1E1uGhNdBe6Dddbgs2KqtZ', '3EnxIlDGhObknqvUbwJnZz', '3IkEM7cjZ8FZtmVFq1q03c', '1CwTFEn0Pu1PsXY1R1RCBT', '5ikoNh0xAOPX8BfvXggKF9', '3kB1DY1ou9dg5DfPcNuJbT', '35CZvVV7UzYgydaVpNW4Kp']"
Chiara,no967zpi2pfq2zcwo3veh6y74,"['6oYcyS6salzWI1ysjEScFh', '6Pnziw2QOsrYVJjvXpZ8fZ', '2N4HQV7JawhkLDxsxUcN3W', '40O0wgOTqcMr4UEDkbmBBz', '63mdY4U0KvnbMkUEc7FHN8', '0OHD6Ask31KqVqxge0OwlG', '3fc6eZjU7Mv7gJUfxrbfMu', '00QN58Gx571pB1MEuBAcmL', '1NsIhiM0a8f2Ot33mhudfo', '7HfAmljHy9CCEzkN85tKcY', '3nNxdeQX9iFeuosMcFEeDd', '07qo9gnLM488CUr0EtgIA1', '2tpWsVSb9UEmDRxAl1zhX1', '0oLgFkHel7pcvOLaxte2QE', '4SiUjcDLZyvMsCMXmxI2gw', '5bvsNn7f4m0MTCuUQkMZGY', '3qtuOAI0YyfoBM1s7Tvm46', '21Ay8mJRYQuOMZp7qyQXl6', '0pFjYM7JdNJhjuooMgesks', '31kBgrMeOX3vkiL5QTT38j', '7wMq5n8mYSKlQIGECKUgTX', '1eDC4NiUYgQSKpKDIvXxi4', '6pyA6c2fwZqJ6Olx7OUfVU', '7MMJa7cjMadOSR6CFWvB1x', '22skzmqfdWrjJylampe0kt', '53LX6p75hOcCtAelMDyB8B', '2f0pn9DkEJwAzXApnFh5cr', '381VH1JFj9q08V1OMlPU5m', '1NhPKVLsHhFUHIOZ32QnS2', '0Dz9zyx2w3zYtRK6yp3VKD', '3FVa0R2evbgjVOd3bejudr', '2V8AxW9KS5i60ccy7tXCP6', '0ghwEektHMemDGqmOzsNnc', '3eSSVIw9YbVm1SLNxqtdjR', '3B5UbSndRz907IZhhmUfLi', '3gzGelvS4qpKiJ6oWqmQjL', '18LXrvm337xqvFxpaB9Puj', '3C0nOe05EIt1390bVABLyN', '4zJL82bt73NiBmFuJncYUb', '6z7tGTD6yvyloEm6K2H8EX', '1FEAEKjVQLZuSeb0omUxep', '1AbtrHeUDmWsYUsRApmICf', '2MHFnAw5nAjTXnBFO0Y8s9', '0nlyO7lNTOYB0gjDp7NI7H', '106fyaBCHP5I3mMED2OAHB', '6pswDYZetJz39k41bCXNif', '7iLuBTHJSXM2HalKHFqEEy', '2zFUYgYkG81K4zyYSY5MSm', '45S5WTQEGOB1VHr1Q4FuPl', '5BqUbKq9rCMrCkRtAiz8XA', '0bKDQionn4VKcgNKbs4SWX', '2KdcUxAJWAARnGTWmSWxwu', '63WuQOXohQIxOxIFA2K7bR', '5Iv4HuT9pKPi5WuE2ii3vs', '1ZMGp9MTXbtAPvcKa0U3zS', '0I0b7uTFfHhBz5bMkSDouF', '0Ygkx5sLfYWaOnwmLGvUzz', '1bbIDFndpXFUTZh2x5Bxim', '6JO1LEYkKh9bQKctD19rJb', '5gsvZaXWEFjAo1j4pqbr9t', '1Mys1gf9SkMBAVGGxpkJ7d', '4iWdr3PiPWcGcZp4qGHqlW', '4h4QlmocP3IuwYEj2j14p8', '6qNXkVk19OYLu4CoqjDfZ0', '46Au7GJaQ6XzjdQ4KJU1vt', '7yq4Qj7cqayVTp3FF9CWbm', '4nY63p14MsBDJXRRbhFpas', '5LZVK19ieaV8Mk9FsqTL3F', '1z0tyJLXt7qAVb6XutDc95', '0Ndbfh9wjlvBDtGtRFOvyh', '4kDTvLhGF29gFsqceuxBSC', '6jJt8ki9dD9EgrYNXvJ9zy', '3UWuWC7jUC4aDlzYspRm8Z', '4Z43nMEiOiNeDrqu2BN0JD', '5cF0dROlMOK5uNZtivgu50', '7mWPjS3fX0ymPSrkDJrVaP', '3Cbaa4ZmODhKEGSkMsbkOO', '30k5yWHaZRUAeFZXspfmUV', '0FNRyMufs8Ox03TtaoyCjH', '1EzrEOXmMH3G43AXT1y7pA', '7sp2D8wdzeyd3epj5NnlLC', '053trmldheiFgDGCGgZ4WW', '4LAWJfQbfeMrlX0ShqhC2a', '05G23JkXHRv3NJ9hENaafi', '0IqQi6pcD94SRXXt8nqw2T', '7v8zLkNmOCKQ18Xq6U55dT', '1PpH00KzrWRN3um8vSbi7A', '4xrPb1ByceC2S7JKS2mguV', '6tveYXCYmHsdQROlt4FMC0', '4KNNmWIySwXTZklrBbUXwp', '5TbzAWWc5eJaANpA9kfGCd', '5YSR0sWUZk7NuIbkycxndu', '6pDqB2dlzxB2i9Inu4h3wC', '1XGmzt0PVuFgQYYnV2It7A', '6GLmGfALwjzCaOiHwgfU7g', '1zBr4jTyegVrBeGUgZgy7l', '2vacw8sjzUg9k6nK4fFkDR', '4my5DN7JiWfabVsZEb9AWl', '0NA1T29q7bSzLa0RE1KM3K', '4b37p1IuSVszeL6T4W8Ldz', '25TCZo7eBtTY9MfijFLvcd']"
Martol,31dafcka6zlofk7ltol5vr64nsgq,"['0lwo64aO3YEjcnJGTFHYR1', '07qo9gnLM488CUr0EtgIA1', '0pFjYM7JdNJhjuooMgesks', '381VH1JFj9q08V1OMlPU5m', '6qNXkVk19OYLu4CoqjDfZ0', '00QN58Gx571pB1MEuBAcmL', '48Nh04YgUsE4b5V3y9sIdD', '5ugIDyFimYHw4xYWfkBfFn', '7MMJa7cjMadOSR6CFWvB1x', '4HpqJZ9YSAaVsmfNGAyl9w', '2aGvXKJ4ei5IwAOyOKPCx6', '7v8zLkNmOCKQ18Xq6U55dT', '2tVNMtgZ2CQpTx7vgcuTkL', '0Ygkx5sLfYWaOnwmLGvUzz', '6Ahg1hncxUdK0ICqU03BCu', '1jJMhPp0Rm6lAi077PXeEQ', '5bvsNn7f4m0MTCuUQkMZGY', '7iLuBTHJSXM2HalKHFqEEy', '5qaEfEh1AtSdrdrByCP7qR', '6Rg0AJvt1xa4hR2QH2fUhb', '618H0YsfeHmJ9on6y5iQlS', '0bKDQionn4VKcgNKbs4SWX', '3nNxdeQX9iFeuosMcFEeDd', '3qtuOAI0YyfoBM1s7Tvm46', '3FVa0R2evbgjVOd3bejudr', '1eDC4NiUYgQSKpKDIvXxi4', '6oYcyS6salzWI1ysjEScFh', '1Ia2pWls0xmcvZmtqZ3Ksn', '1NsIhiM0a8f2Ot33mhudfo', '4UHDgfDtSSv9SqyfEFr4sF', '1PWOkqMORYdGa0OEh2GaXM', '5BqUbKq9rCMrCkRtAiz8XA', '3E1FgPTXX203rgBTD5nlKF', '1h9HxkDH67X8cig593BBOb', '21Ay8mJRYQuOMZp7qyQXl6', '4LSDn7GlMu4DkZMfxxwqTM', '2UaTiaxdp9uaRb6fMy8qpR', '6sLBJkMyZIkGevtpYgeotT', '52DWZhGa49WzpSSy62rHpa', '6GqbjGT2Phm490iW8xPqcF', '2mYMNCaNs3Pc7xBc8d5w6E', '3oTNtTmOOekaUDvDiqM4br', '2w5wtWq30yTkNSG9YjMFvW', '4Z43nMEiOiNeDrqu2BN0JD', '6Jn9qoprkuSfsRW7tTRkOV', '18NBoQ9SyURVcsPW6sP8tv', '6GLmGfALwjzCaOiHwgfU7g', '6IdiuMw1FSAvU3e6bgWQVX', '1ZMGp9MTXbtAPvcKa0U3zS', '5YSR0sWUZk7NuIbkycxndu', '0OHD6Ask31KqVqxge0OwlG', '05zswTe9mBmNXj58mLuaGz', '2wrIPLNaUfkjlUo8JqBigd', '3Fu08n7LtS13dm96L1Gwtn', '2WY0C1rbGga4Le5ZiGmgRg', '2OewgwaDHgeMZepcAyVlzy', '7uawjOR4BPOhgxPegrMsoO', '0n84KQcjfidLn70aI15niR', '76B3Xb8EqIY4NJF5xoNrCH', '4KNumtDS7aWRwDZDmWJ2lN', '4cOdK2wGLETKBW3PvgPWqT', '695AOnYHYnvHIMaTNKjkA5', '2V8AxW9KS5i60ccy7tXCP6', '2opRyiaqpnQCH0jfCY9Wjd', '5XDWmsJj2ZUPShfkvtZcRX', '6W7ztLBiRzBN46ZaPAcQ0F', '1P6TlFb8EVH2nCX3luVpZW', '3RqausOoS1TMLly9Q12JgT', '5aowfqA6aFjK1FScZmg4pN', '6xc77qJbTNh3yQzSopZEuw', '1Lq5ApqhIWUXzlryFX2K6J', '46KXIKdv0ja37KZ3RIcqu0', '0sTiM4EWUkJe1em8SZCs8t', '33k2G8hREO3QbEkWx3PC6G', '0kGVziydYk9eNPDdcHJcdH', '00wxIcA1PPbqEzATkHT4e1', '1ydmhnyDOWr5y0s7Vvdw5i', '0ZqhXLsu4Cql3YybRcktg2', '6HU7h9RYOaPRFeh0R3UeAr', '6VAdJCy8hFSxTNsxlBADSE', '7sh95K3HXkne9mVYDOIRWs', '46IZ0fSY2mpAiktS3KOqds', '5gsvZaXWEFjAo1j4pqbr9t', '0NwuXciw6eQc4edjwSBnV3', '2fkVZYFv9hOejIsLzZy8ad', '4EC028SvtlC25iHQSG2OIa', '2VxeLyX666F8uXCJ0dZF8B', '3QpmPJHkO6xLu5d0Pwz5gs', '3OME70nD4TS08u5XBBK44d', '5LZVK19ieaV8Mk9FsqTL3F', '5gTuH5Jl8PVUitsFzFslWu', '0k6Ru4EOidm7czaSvDjTX1', '1RSf4PIZomN5xGb2Arat9X', '7vv2RWfZOnULOIDasMk3BJ', '0I0b7uTFfHhBz5bMkSDouF', '45xyKCey4BM3fMeFEsF1Hp', '67jVcjWfQDuRVcGXsuZUkY', '1EQFOouqdKYdpbNoOHRVO2', '71LtXfhnWA7kR8Ntk1VE8R', '5yfE6GXTuJaAlepKoE0wJE', '6K5tKYr2xhvHXSAVwhMEcu']"
Svngvlli,21gljyydsnva2lf5m7zb4dyzi,"['0DSq4f2grIJOrawmfXkrRy', '3IW5tZl52SCJW3BOuE9CIn', '5wkC3Rv4WslbUXmj9F5irF', '4544onOpxe51skG7KWeohk', '4SbZLGf9PGenzAzbM4Fivh', '3aaxVh7kAA5h5IszxwYjYR', '60NC3OqjiISKBYbscb8vW3', '0M0fitIB6l5CFlm9pukiEm', '2lDZ8D0J4zIGRU1wRN2tCf', '2QDYjH6jUYG61QlEfMyzdL', '70AH4lwvClHUixegv3l324', '3PHUQDyGYZhRJFSwbTXnsG', '1vBfKyRYtI75qCaqZnUGIA', '5ZmZ6RKNcFbIrdf1rSB3IO', '1FEAEKjVQLZuSeb0omUxep', '6I28wnb48iMVVfyTSf4lkx', '0zYh16RbFHCYEL8UcE7mMr', '5E0PcREYdAn70xQPylf76v', '0g24bBP2htW3TWumtSMRNO', '1J6HctZmOX2JTHlOd1VMpU', '29tnMrWQp9JRweexF1t8xy', '7px3nxEoSvAHCvAZq3r38W', '6oZJl2T2hdHnMYcZR6VJGb', '4UpCWcaJdu26OxLwxd3baF', '65ow9xQMuffIagM48kghSj', '21PGTyPShWqLrBaTUd3k20', '2hzs6t2s4qO0vCyx7Tf2o4', '0tD4EXZRm1JGDYWtKYFLWK', '11fNoRkDMs5DckXCxJs4of', '0xZ2VIJQlVOY0SlMoQMzfD', '3PpgbB4N9rMu4c2FKYyANb', '6NU0PV9CGMCUvZ1IqflUab', '4E093AlXCXnj6FEYbHA2v1', '6r4QPSgVEV5ZXJVqarKaQn', '7FjBYxeIKPSJ4urbawvnUO', '3yWHQ4n4ARLDfYTuT2NhnN', '5VvRyV7VR1heXP355nQQ3T', '1o0IVFtS29c8FRNuFrIADS', '00gEB0MSDWojSbzIt1TrFT', '6omR8yT1cfOhgLTzccpg9R', '5kMiazB1ivWqyGZuxfF9ws', '2Ctj9DfXfh9kW3erTp907i', '4bT1poy15EhpYUVJuqtdZN', '2wisNgYa40XJz9SHd8PEXE', '2IKLIqJLJPUmvEmljrYrWN', '7ycYIqsUC3obgi5BnHM8VM', '5FUSmeF3iIYBXsANx5Z6A6', '0hRc3InGWplN0WKV2VT06n', '49HBprkEHV38GX3HzBr8Rg', '4s7CdZE34K2v2AH0EBKPEc', '2zS0OYlDeXF6iNLougbIFL', '3em916bP0hSXqbfWpYWP9g', '6QDNyom34TEQE6AzfEVE8Y', '6BUueuMQR4k7CuoMEsnGou', '2cYtIz2gdidZub932LdVdc', '2XAc52iETi9FAGypO1oZAX', '3nQZ8p01zU2GJmT797Ly4g', '5ROKRNox8OHczrXSgZKGFq', '0gwcV3tZ0Rl7wftXuz1ajO', '1HEGcG1QUJfyyPfq5EMF9b', '2S9ST4PsqOyvUj0YvfmxXl', '00aZI3Ds8liGrcqEetsEYf', '7bdoJW6LS63oFH3rEmbXKj', '4JFfGMEjMhmlwtdmh5JQiJ', '1b9gSi3I7ei5NbnM974NOU', '1eDC4NiUYgQSKpKDIvXxi4', '2tQ7vPjN88wkQl5hSNSbVF', '65bM8F5KQPK4idHTJJbZEA', '3GblzYXGPn0HcOj6mxXUs1', '0TcHENybtIPcEPfr4bSPpA', '7uKWxxcwpY4f5Tsy3fA6yR', '6S1BoAiJeJ96A09tHIwJuy', '4dTZAG78TpWGifu1kMefaF', '1c1OvbTdYjo1MJ3DhYn8P5', '7hbcRsR3AfOtNfjRrZAChl', '59s3E17AhxVg8TxVK9yh3D', '2WoqekZTPdDdiJ1RgSldUT', '6s0Lif8DQwnVE6Wkb2BVqY', '3k4O2cb414A8GS6Tzk4tiN', '7F2H0BrYM1VszjX54sSaHM', '6DjMUbBL4Bqg32cq6FmwyA', '1fHP9qfz4v4df0XiAppzmf', '17zj2Oli03sgcCAYc75JiO', '7gY3qneACKqhzMD5jBo6Zq', '0Ca5e9G4tt43td6G8hgszG', '5XCY2ogTgupKyTJlSbPbZr', '2grg1DurcEjO8DuYVYF6rb', '399VieFEc88ZFDt4hgL7pp', '7pn98BQEkccJIcR5Yl8980', '4gKkcGeCIH2JSfcJ07iJ0P', '6WeWS6o2LddqgPKgmW7AVa', '2hJURAyTFMZM9dOQEGrwIW', '3G41g0SXKkbOEq0sAThZWn', '3Az742h1PAJTxfFydIHj96', '6rY8VQS4hEgdG3OqKd9lBJ', '7uvYHwfvmsCCT0009ZNTZ0', '0sXK6XKkBJzL3bbbzDXYae', '5b5LAmQZx3mKmhL7PQGegi', '5iSHLCuc0K3pUW16b7sSP4', '20R9mqRNIAFyUl849j9DOc', '3102O3zC119IznqeNMeKGE']"
Ousssssama,d8zrizl2vgb7bqwdhfgj2e9oh,"['5klD6nw2BpQlGtThL6okQU', '3D29kjUyWxsT3jUUTtARVQ', '3HELGGfPvfnrF9B0aFYBgc', '2S8wxDFED8PAo4ZqhyMRh2', '5x4vgABKiGp4Vg7ZyFRxhn', '1QGYjT3HX7LBkg3aE0IJ2K', '2rdBSVBD6xMJOmCNrGniSr', '11RIJRbBfyLlJut96itSFd', '58k32my5lKofeZRtIvBDg9', '2dyQYsU8cJLSGpVsbOy0CO', '2XcjB88ZmKABwDf5ZwZx3m', '3GbXWrTaBizGpXnkoP0usz', '5npnYyIsPSfZksDk7eklbr', '0uClThgSmRJ6VJsHtRWUpr', '30KctD1WsHKTIYczXjip5a', '6DPrYPPGYK218iVIZDix3i', '6piAUJJQFD8oHDUr0b7l7q', '5j3QqRGflS4o5jbsFSwKW1', '3XucsgiwXb8KPn9Csf9Zmu', '5GyyPRvEwdI4wJSUbzxHQv', '1MVNAwPHfriG7vPKHPjOW6', '7JvuiP16UTKCnieS9E2Bg3', '4HzkEyEZMUWZPjDfMNJULv', '5gcjlJBN0VbOcxMZlRTnmn', '27gKrFJxhHhRkp0zSZ5dbY', '2cnKST6T9qUo2i907lm8zX', '3W1oHe6Sfi9fycAcz9EATc', '0BGF1u8yzueEsUENvIt4Qv', '01DXwNf1GzEJkYTbXgL0eb', '0GKOQlfwjH2T2VKGgs1UnX', '3QJsUCM4OO9lCksy9WjEkB', '7dbyaRWWFvB9UG2vcwTd3J', '6BUueuMQR4k7CuoMEsnGou', '7w8SYlPLA9bqj7vRHvYNDz', '7dt6x5M1jzdTEt8oCbisTK', '48BdA5qBxXVoe59xvu0bwc', '5ry2OE6R2zPQFDO85XkgRb', '2nKYHpmwjLaEOXS3o7QMiz', '1r6y1Sd1PgtVMPj78K8zus', '7rMmuMmb37vB0f4oq9INiq', '3ZTuYuaV1fhdNnuIBuzTYy', '0XGh7ULAB5Z6vwc3gJngd6', '4wzFYKgyMtU8KDl8d7N1Ry', '7F8o1BauCAOB1dtcVGFaeW', '0NWqNXBJTpXbkI5rPWNy3p', '3fctUApGkx4Hi55n958WD7', '1o6JHLSAtNsIj8AgAvDxXX', '03T7JF553K5pvxODKBsgVm', '2JvzF1RMd7lE3KmFlsyZD8', '2ktxr00GpTtbMNeBjNeY8D', '0OEWqAXImvoUPMriF3yYHp', '1OjG282jcG7QIJJ6mcOgA5', '4jVBIpuOiMj1crqd8LoCrJ', '1pxEOK2TKlvBVur3Tuu5BD', '2ysxBvjOEr2SaHpedUh4Wl', '1AofrI6TYzXGIrvKk3tjWe', '6bLTefzzLxM2jFif9u4aBw', '43YQDj1KOPMFAUcTEPKy4p', '4xtSgGX5CQgVXTCRhagLf1', '1eprzC29mwUQqcVj0eILdx', '0Zt9ySO9K4BrQW7cfFgKFR', '1fdL0yW2DHzcOOUF0fZFv8', '3X1yXawSSi2nehvx6qyV9X', '1rpFM1ZbTZVS1fusCzmzg9', '6MMCZzqOuSUJ41UR4FSxaa', '4Nm7SrYl6iaJ2wP1qLging', '4Nfak8iMF4kQfQ6Pa8Z79m', '6uvxWqswYS56ayERCB3auB', '6l1OlIBbXQjhmmmbujR1n3', '7HhieX1dqISjpteFs5w7Xb', '5iDagcFUBFn6thTDwvHQah', '0nMxFtGPelk9UK9V9o2L2q', '34CTxOT4WPY14XWLbuv9o1', '0Thqjtu54vKMP06pwZkAWp', '2KGa5VDbi0HXPI2GiAegib', '2C1DrJygJXwjWurDx5vGHC', '6YvCXy0mzgS4RsZmElfn8g', '3LpIXpas8lnDrUDqOYyB7u', '0qYtZfiJFZ0Sdi5gJoOPPB', '0LU7THzZmFI0k5Z9Upxbto', '3GWMzm5T4EX4hMpU5x8Z4K', '6jtAJm2KnTPNfiG8e3HB8Q', '6bN5bGdC7ze3JvWvPN67Op', '5yHoANSze7sGzhn9MUarH3', '485lHlH8WYEhBB5S3CWcT2', '4suhYzHmljhR5V8pHSh0vF', '5HkJs7Pxi8KyLYDa6QWO5T', '783yOxIuiAk3bThedrJdMO', '1lpg6YHzAsWn2dyAYhHxv2', '7kIE6D8Mo1ai8nz7zdk8u8', '5R3LKz0HqQmpgnMgE50J2v', '10w2oglksJOYFx52Pbye2H', '0a3fJetNvhHJaDkXrTTAZv', '5ThJhBaH4T7zcPREmKPueG', '53HlsRhct5KL1Sox1xuwNy', '6kTxYSJIBpADZ1mlDOFY6l', '00RNuq2VB8OjppwoRKGkWc', '6uoip6wW9vMLfs69aSz8hP', '6k6QKZTfsSkLcARPA3VY4D', '1ujBYsMOJkzYxdGDPkveBL', '0uYmQ3X53P03KWj83u5I59']"
Mehjibi,gamev3awajc0w7zm3un6oi7im,"['3GbXWrTaBizGpXnkoP0usz', '2dCVHkhObgd5xjrnocQbI2', '3LtpKP5abr2qqjunvjlX5i', '5lFDtgWsjRJu8fPOAyJIAK', '0CIRyITPfN5eSIaZY1wI1A', '5nisKPCPMYqMS8f8t4Xpp9', '27gKrFJxhHhRkp0zSZ5dbY', '4tRUx2gflnuk7v0Uvic04X', '2uW9jbgrtmdnI922u2DWNs', '0fppsDOOHzzFtczAn2sBqB', '5msEWE2x3dAwNgXpZSezcE', '275a9yzwGB6ncAW4SxY7q3', '4ThoVGWZoI3w0eKvKlWkej', '3YypDeVMcPiTk6KdwNtJpK', '3hWUIMNBwLNug1O8o2PPRW', '5NQrwU2GN8RB9hQuDam9oA', '00ZDoMDd5fnk1eb9d9VoMB', '6jtAJm2KnTPNfiG8e3HB8Q', '7rMmuMmb37vB0f4oq9INiq', '3QJsUCM4OO9lCksy9WjEkB', '2A4xTe1uOdRKKJUyilAqrF', '5zcwohODTdH71Rw9TfolOf', '7FJOFzYHETMqIh0ZF1Kevb', '52A8OAP8lTQKZCj4Rce92B', '3yCO77szbEBiah3kTM70QM', '7utqKOmbXHsHbRlQ6pdzwM', '0oC2A8KyHwofxRKDAICcKR', '78QR3Wp35dqAhFEc2qAGjE', '1r9xUipOqoNwggBpENDsvJ', '7KXjTSCq5nL1LoYtL7XAwS', '7rtc38WWIKpCDqdNadJG5W', '0FQ71Al0brWbN5UrZFEcZb', '485lHlH8WYEhBB5S3CWcT2', '0HIc8APGwqv1b0hyH20k6i', '492tiSZ23OQHJR9dOvvG9W', '5QuoDAS3byF53hvesOtsOX', '34CTxOT4WPY14XWLbuv9o1', '6xGruZOHLs39ZbVccQTuPZ', '0LZj7YZRyCbXqtJb55TUWJ', '7tFbHVB2YaVqmE2EG9APEy', '2p72O2JobPc9sVz520Hil5', '6rTInqW3YECMkQsBEHw4sd', '2KGa5VDbi0HXPI2GiAegib', '4kfeRwpq5KUaqTkgi4TbDF', '7o9awOAyI7Ccexy10JCX2D', '4Meq9IgjlyEelqhFr0LElJ', '7v96VvFLS0wSYT8kewNLRy', '39Yp9wwQiSRIDOvrVg7mbk', '1STP0gM2UYxoyGMR0yFUP6', '3ntcm3V9ByPKN6cstxXh80', '0uClThgSmRJ6VJsHtRWUpr', '3eekarcy7kvN4yt5ZFzltW', '0TcdwN46eRsBItPhKEoZff', '3HELGGfPvfnrF9B0aFYBgc', '6GUD9B0s9OvGYyVPNj2BJV', '4vzJrkfHbCGaodPA5RY5BV', '0gwNGHcBRYtF7mvgUczVo1', '0OEWqAXImvoUPMriF3yYHp', '0VZEyvlWMrJttn5vo5jtiL', '6bLTefzzLxM2jFif9u4aBw', '6uTb5oNK9RkTjxmh73W7MG', '7F8o1BauCAOB1dtcVGFaeW', '7DImR90oxK1ePbbXYuMmmK', '2bNVgYQJPSiYEJB8zkfxDv', '4BPJpGU3OHQVxMYnY2vBLZ', '6uvxWqswYS56ayERCB3auB', '40mjsnRjCpycdUw3xhS20g', '19gEmPjfqSZT0ulDRfjl0m', '3owbCAHWE94RyfiqydJTTl', '0V05QBq4x1UTgjtHx9LLug', '2fwS4B5uEzGOp6NeUabh1P', '2J6YD5Y1YtH0RdfDDG0KIu', '1XlnBDwL5KvcVXGMn7lAbN', '38ozLwu5U2QxnLnROn1FcQ', '1jKSnQlYum62dIadfsfIKL', '4jVBIpuOiMj1crqd8LoCrJ', '0UtnpKaReKUg2GquaSxCyD', '3J8EOeKLTLXORtWPpOU5bE', '6uJONCdr2rC65BNmCnTBWK', '1MTpjiIdF1qhFX9HtKOgLC', '7A3M75Op67lnH9UuR0oiNX', '33gwZOGJWEZ7dRWPqPxBEZ', '5JZA7tOaLFvFpGyrZA4rkW', '2jPxOVtVuvoIuCrOQaKE1j', '7jslhIiELQkgW9IHeYNOWE', '6bgI3JZPDLm6gDE75utatQ', '1EUOby36hEzSkTVVKRAWQP', '36jHYYqWoDLrLbYdqiwAXj', '2KRvbysMXT5Ln6bQAFJ5iB', '40j21TvwUgASzrLiOOTE3m', '48BPAfzibzirpoHv2cS5Ts', '0z36JaXXoFXuPuQucKEsdx', '3gruCKVuhCsRjs3a3dG8CA', '7wVH6G63qISj5GVQh71wnK', '4H9PxCNv237qjSyqXR1rHP', '6YzCRaCp5CQiHzthyupeBF', '65rrcsD9FKM1RPDNCXMAdX', '5hIAxInhyf399SMcBDhHBw', '5fdXJzwAlMANY9SPCgfiKr', '6p4NUd96zYpJMHiynrrB3m', '3uLvUbiosmQJSfFfvO87kO']"
Pietro,8an8d54s7xaucp6rhyvdm9odt,"['4JJtZMgxQgTlBBg7E9Qeac', '0Rgi733bscb4I8FLsat1yQ', '4jPiukdGJPUdD9aEIfEL4x', '4vGOBCsjKj5OqsylAdZi3J', '4G7sFmR2CxcsZjfk7hAFdV', '723BtHZOTCxN2xOselHQpG', '1jHZNh7RDaqCZDxfNajQHK', '3js3i9hDnqzh2qPJxxQh0b', '0CuOlrm9gmvMUlRxBLHp0o', '0DpTRR4HyiDJH4Waoj9hXU', '7hbcRsR3AfOtNfjRrZAChl', '5zTTVuDWnQ65YL4yPwU1jl', '3g7ds9lLoBRTQag67wtUK3', '6ZMxDnAqUHaevTq3RmvIZk', '0HdrGJfHWYG5A0cNhiMDG4', '24RdYSTAWGKn04gdhaLdO9', '5YPKiDLejR1JhnX6w2lhro', '0ZJKwtAoFb0gaufgPBULpG', '0SsUOrXUM2gZxVLYizZfQZ', '718iwp6XEZmaKDuy8kFLXa', '7djURrG8mUDSehfhX97G35', '3nr3Xvu00yzd8Uc0OytkKN', '01DXwNf1GzEJkYTbXgL0eb', '5b5LAmQZx3mKmhL7PQGegi', '4G5a7UOV5LhBWvTlQn6Mta', '4WImQJDzGuT2tUV22tsTma', '2Z7sJKCxTH94KCRxJTd4O7', '3PHUQDyGYZhRJFSwbTXnsG', '6Eut6MtJYENAxBtNG0stnT', '2gPENupbdW8MMPijDovU4a', '1BxkDfTQIhGJD6Xupq2XW5', '51dEXiTvylsKJ7gMiZ5nRw', '7kck8Amf3NpSGASoFuKIcl', '4SPdJpPJoCHguGwNgaApXR', '5ZduaRci3iNUiDfJbBfAaf', '0b53fWGqxHfsdyzkwlEFFl', '0oMq1JmynUHMCOfH40k7B8', '1w91YxaRwTShkKe4apYf3r', '6QNOYe6I5Dt7oHtcIkmYZ5', '1fGXZPAjsxgy9zTCAAaLHM', '73Pv4y14ADVQRmVL6FKpZt', '4zN21mbAuaD0WqtmaTZZeP', '1dc3T6mSL8jC6TIIoNwaGH', '18MvE9vPGeXNbHcml7rgiw', '0JX7XXuJCMI8E67zSAy6PR', '7CxLQIq4kIq8P8UwemcKfX', '3Xov8beGZ1dj2xLUUv93Cg', '0GaWvzS26hjyY3HGwjJ9YW', '1u89JYsGEgtnfyaFlWuDjP', '6SQmh0L5icrThwGDTeLkg1', '3fIB4IEcvjlzItwnFUvIBk', '53PNWLqDwWyXotuq977r1x', '2FEUloDXMvRnyfLcsrCfkw', '5Ro61MhMJXTkKMxvafAis4', '4xf0GKQtAJiDpyhgFIB0Gq', '40o1jS6DCh7PnX6suTJqGK', '3vth4uMz2xpFEJOrttziH6', '11WjARz3hZxb08ru2M9RbN', '6BUueuMQR4k7CuoMEsnGou', '53qZFgUIQKnFmdgsSDIYB1', '1Mys1gf9SkMBAVGGxpkJ7d', '27u7t9d7ZQoyjsCROHuZJ3', '4VrigPWWuXhToLQnHEaaXf', '1bQHZHNELY2uBOrOSRMXSr', '2tKH7kT40eTSp8SCf6VKeH', '08AN0HMXNr3DGGDCOWsTAw', '1zBr4jTyegVrBeGUgZgy7l', '1D7sdScaOxtmb0lInM90SN', '4HnloO8GMqz0IVJPANYXzo', '4lstxdn27jZqnTuyaLeJfq', '6lmuXGI9U4ayVWZ8O1ZnSW', '2zfwKbMoOS3GeUbQapRCcS', '3ISEq97PLMUqAPOFiiGhCB', '7AOlEPbQQXEVwJiaN5iwCW', '2GNtg4n32W9CUTUYgKP7CO', '50DsGEqRiQr6KdEYi0NuSP', '3HG58pNCGOB5f9qZFZY405', '3sFlLHjYZpsylOZlIUVCiX', '6vptpBqIrjv7zvqa26P3yA', '7Dh5zvgpoz2kW1sbj20QWI', '6joEpIEWpZYrezVvqrbvxy', '74y8h4ACovj1lQL6yEQJhd', '4Klz5NCEgCuiFyP34V2eV5', '22iyseivOMmWjH5UtA2cmj', '6oYcyS6salzWI1ysjEScFh', '1xgRimdgCQipYxvqi0UlUg', '1VWiWHgwn6kUfPMpU5uWSR', '0iv6dUceYXY8apojXdYQvq', '4UpCWcaJdu26OxLwxd3baF', '5EtBSQL12ekWn2DjzSXdXI', '3uUuGVFu1V7jTQL60S1r8z', '4KilYheWwxakB1L43ECTeP', '3Oot2B5eeU7WTwlk4wsMJE', '7vripNQnmTtjNHTSwzv242', '56nvQibJaC1V84wVMqA3Ck', '0A1oiSJ5Q3glDm8kogmsYF', '7r9hUF9vWuuTPqGK3YS6Oy', '10gegK23YbRahz1KK9RVRV', '3lN2jXIlpMJETk3zzFkoAy', '2gohbmhrxBfztaXCcsnmvq', '0PESSF1FiG4QxxaanAbvzw']"
Mattia,ztvdly5rcltcv43e6gysceb2i,"['430xmK8Tw4J4VG8PxCqO4I', '78oF7KjxHMJHtiwgc2I3rw', '6XXrbk4P2xBeoLkoA7eAa2', '41Mhuj6fFthmFAxBlyTmLU', '7FLQo89iaS5gf2hnIEW7P9', '63OQupATfueTdZMWTxW03A', '5ZHrKSZd42OWlWSZFhGiA7', '45H4bWKkA4LsZcaTHZhcfM', '4B6dMwXS6q8pw1HBWV8Cc8', '6fPGBlx8wsAxhoDn7BwiAH', '77ZxhaxW6hMrhNDMCM3YOX', '4vYvY3M4ZtJrS03KqtjYUv', '1HUiTDFAUwLTCZxIMF4SIg', '3ExkycVpwb2mCZ6MsJuECz', '1dyTcli07c77mtQK3ahUZR', '4uJSCrI7r0usNJ3aaHAuC6', '4paJ10JPNCyOaLtz2cY928', '5xpnUdjwBuyW5iWrT1RGoZ', '7AoWDXgfVQO8pK4hb0Kswt', '44BpmdcfqbgqnuaLhjJRbH', '2hnMS47jN0etwvFPzYk11f', '3dbCpgkBje7tgTVOQmamB5', '0TN3CFZuYzAWQCV9N3pVPN', '0E5GcJ31pckezGu6yllFHr', '3uIgKEA72DByrHMou4IwLu', '72ZxMLrGzEqVXTLFgeggk2', '05nkGhS3N92pMoF8nd2wu8', '4u0p0pNZ5BP0Ff6IeoQiUr', '7v26v4V50GEgi52VtGaOpS', '2takcwOaAZWiXQijPHIx7B', '7zUf7gPC7vYpVuN9pNuXRj', '1BpMzIbVYhLfXTQe7ob2sY', '75U0n5xhZT3al2oC3I61rG', '7aXa1vGHKGjJIw7ir5r2fz', '0Fd5EjpykDf2YO5gQ9E7Qw', '0Jur3mZsQba3vqSpcmsOPm', '1drNpTgwd5Jfzda228o9pa', '2BY2O9OybmxpND0DqNgx97', '6LgJvl0Xdtc73RJ1mmpotq', '3RMXNhAwmWnPy90aaFQJxT', '4hthvPLtx1uHoMfTadedS7', '2E27zWyPLrjq2d38bOC2Xn', '2rNdokgvZAx0Gf56tbq7bW', '3CPsNHnbQiQ2NAlSqu9HFr', '63Xz750Y9v15MDaaosAawV', '0itNMuBHye9fu392b4e9oa', '5cPfmNMC3AENizySC5oPu2', '2kj5f1eRhUFhW6K0qUwoD8', '4lPvQJ48sGao1zQPfnGDPj', '1oOD1pV43cV9sHg97aBdLs', '1ZoV0s1rx2tN13PmG1yuIl', '0LWkdUtorgGHr1bwT2C6tY', '2VGQ342iuqj6aSaYbyBQVJ', '6y20BV5L33R8YXM0YuI38N', '3mK4u8a8iFSwVIOVL3JidS', '4LGKzrdEeBwR9UHCGlDT0W', '5mkGfmJGFZpwK9nA5amOhv', '2fuYa3Lx06QQJAm0MjztKr', '5F6farh8k7k0zpJ4zx1Ly8', '0cOK5HQ7XegQnGfy16ujrU', '4eamJr2k9YDH8j58RSTmSc', '1gNJOIiZyHhcfGwDL3CXR8', '2gdtLnVGGg80Kj9GiqP0vH', '5SnyDFQz3liZNY9itflGh6', '3Cx9j78Z0NE6jYwBWvvV3P', '7xyYsOvq5Ec3P4fr6mM9fD', '4JapIg9Dn9WjItbFJVHLFu', '0vNGbGK1pl5SrV6SHUh06H', '0tIPFl5IiEhq5iHcZtyCZO', '1LRi0Km3V44DeCiwfRNr5l', '4XOI9bHfcEFupNhLnC1KwN', '0vtJ9Dq53hfXE3KyP1yPni', '2TAQ9YGehOKWDqDak5DuXc', '518WOgpiM1IMNEgkuJRMyu', '5Z64IY8SpVRcd97t5OuLgU', '1eJoCBrCzOd1XF24XZhuJU', '0a5M9DltcncHl3DKErFmD3', '7u4Vwyp8a0dbvO7A79Aobp', '7czpya5MZXGBVo2Z18TyFd', '6coKWDju9pNBRXdno3p1sa', '3lOHeRgeA3oCyxxHl6sVsa', '5V6uPXGVLDtOMTNEioqdEd', '5d34xLpAOi7eL5z4EzyoH7', '3tMf8o9PxjaK8PRdwD4NB9', '5Xak5fmy089t0FYmh3VJiY', '6lIk5tgKezTTpxq1do60Tz', '4zRGiTUXzpMFjk21CrS8ss', '0e3Ss9QHdiGCyOst88pilL', '3xIaUb1WsnrqbJo6CsJMLO', '5pEynJLDHQw18Nqpci58Ss', '7bLNI7xAiNYjERPVt5p4nf', '1aTuw2NBiqQg5d8Z9YBjuk', '5k1HjSQUokJAqgu7dNcpVG', '5SNeSDkNxTGCkDikvQyNCn', '2wOuPtKs2zigR7TI25FDfj', '4uB28m7RAflobYpnLMb6A2', '0CcqWuAEJC93K8cBMbAjgI', '6UO72VSXEONxdfLyABihs9', '1FEAEKjVQLZuSeb0omUxep', '6y51vG6SY1uqDssyUpxKDB', '7bBLBkgpjeE1Rx9V0UWorC']"
Riccardo,1186033663,"['5OxclJsdFESni44YlpNpkR', '3wzAXBZ6mhuYEzf2IJAbDc', '05RivVQWY4CKHVIbdHlkO0', '5UpDvqyZnhdWY16L8HY6fw', '3LiPPiqlXkQjNqw4nAsBH3', '060RNnzoMay3wKJek1faPc', '2Lg8cOSLotJIdCMtXLasPH', '5PmiXM2FaJqdn8CK6Ip4n3', '3vC81IM8y5mViwtzKFw9Nv', '0gchQwxmBWj5no8NJ8b2yH', '6LYZsDkY1d1h7Qq2ouGLUk', '4qxK1lnNoYm1kevG69mhHU', '41WTu6w2fTJWFAI8K6ntnd', '7CAbF0By0Fpnbiu6Xn5ZF7', '65Saj1Og5vaGXeedLsZtbW', '3jTWNaSfBQvv3HPTqQjkkM', '6BlKRhk5hnrQ7HKrsPEesI', '2gT72HL4Y84K2Mle3miAMJ', '70DpnF54lwTlUsxXNN874H', '1EoN7hqAsyuTUrBjJPzWJF', '6UTNQ8YN8da3ExqI5AOJPE', '0WSa1sucoNRcEeULlZVQXj', '59VpZQmZiJMNTxkpuEY1yM', '3TwKLIOl2hIPDE7z7rvOH3', '5BNZgNPIccrBto7ySTIBtx', '1JdWRS3PBZlSgKcPKcULtr', '2rzwHaMCaHV67JPIbBVT7N', '0qg8rd6JsuLkt8TjBv7MSr', '4iTyf5pLZMOR8YrEZgSopo', '7vrKEP66NdiQDPryPG6olO', '6X0MgX89G4fwgoEm4XSVkY', '0KH0Ox65pRJ4F2kCDrm3gt', '4sr5OIyYOY3JXbFYSoJR0G', '3GHtEaicELsTViK08EXEQQ', '0RSkbK5eWAPY5W5l5Q08zf', '3iiYK8CGaJOSj1Mu1NyEaT', '0GF5cdbcSmmNQoxvHtQtlC', '6MD6xpFK4cfquxRqXxqwjq', '7rYTU2rzkcO6uhVJsOhLOo', '735TrGBdltkavYRHQ82L1P', '13vVuO0MNV5AbBgcXOM0S8', '6shny2UVkpaLc7jEKEoePa', '5e09t6zxgziNksdNnzOWFT', '3S5AYyv0RYxNbUotueY32I', '53MxeFpq33qUYUT9yue3Yj', '6lFUdRItQEsEuD7dSINL47', '4cFigE8IwsGY5SM5pmvxrR', '5D3V5fx58GjpDA6Hca3sDR', '1ZfnGTUnha3QHj3KFmub0W', '0M3adYbGtyRHACP86dey1H', '1dUsPb4e9L4BxED5fG2Uis', '7kQsw8d5TmG984XpcmDhn7', '6TusaYvpkgyJhJ8tvXo03P', '3DW6GVr7RVyfvo4NBRvZIZ', '5qbbdCWj4zWiZYy83iH0N4', '0bKs1y9PTFBddM9qj0JGvb', '34AcDdqxr8ryhq0UBwGdv5', '1DbdQp5dwuawBGmxSHw6Fr', '5SiZJoLXp3WOl3J4C8IK0d', '6I5zXzSDByTEmYZ7ePVQeB', '55Kb2DuTwGClu8wk8pryfl', '4swVflM7KtMxzfHBWqPv9S', '48RrDBpOSSl1aLVCalGl5C', '3zW2l6tss1kIZDj73CtJx6', '1qOzN09z3hBMfcUBaBi40Q', '68osIGtVjM7QWVe6pazLHj', '5HUfWPuvl4syizB72iMXuC', '4woTEX1wYOTGDqNXuavlRC', '0q7Y2SrnxvbuUx25E2s6cL', '0Koh9yED8UuaXvg9p5lQdB', '0KLlr9fMggZF8PUw2dzR53', '50xyeJL2Hs9FDgtI1ROeB0', '5dAtKXyrQoQW054LZqJ5dP', '3WATWS2Ywo5HeHtG0bE2iZ', '19lYRLj7L8F6oUejDM7pgX', '2j7ur0h7mULAaDVqFg6VEW', '4WrMD6l9ZsJeutY9N5W9UG', '6sIbv1oWOuma2qV907MUbk', '6rLEeo9rNT87t2xHry8xUl', '68HC55i7O7OKunIID2GoMB', '0WZZENH0kt3O2cBE8q5IRq', '4jjqWCCsfeSWxmO37c5WcV', '68k5VAut81DqJvEVIdKSgH', '7fWhkCzm5g2EYZgjrrGJKT', '1L3S5vFgsVzweUJnAIfSGM', '4EyPadLFhtWojU7mkT5hqT', '5YeAXCGFbunXX0FV7D71V4', '2YQj4Lm75He2MJEjZF2Zom', '06zrgWaxQ22ctdS6cZRV4T', '1qFQuGHEOWqFmJx67p9MHf', '1CPpyIS0vNTmyfNdenJjuR', '4Fx0n3Y36O875SrDW9c279', '7uNhbkrxgLJOebuWvA1dda', '6lMTAIQC8XCM8PkjQiSg5W', '1QeQ1bq6jitMzdgNu8nK1L', '3cWr9taSdYFo74RJxaB13c', '2gOfUuZ0FMpFVvCsjy0omI', '3wynWk9f1EopMj2Y9P7ZOe', '3ThTWbH6dklhdTQeVHZl2s', '3aC6CcXzomWzStAz8b1RaN', '1vUjqIGapgMyAFXOLUrYHO']"
Nicho,nicholas.apuzzo1998,"['0UbelM7oOQHQR9xs934wj8', '1yYlpGuBiRRf33e1gY61bN', '1UqhkbzB1kuFwt2iy4h29Q', '6kOHjAOLz9IvUiRGf72Kec', '1Pbs2eCcX9p2onaAvMYvhk', '6SIooImkHGKCIwgUZ3WDvD', '27AG99NmWMFLRoyZMMPNW2', '2jZgzSxNSg1hTCq0ewWHGJ', '75hwtYcghca6YKW4i6C6fP', '7lu6YLrlB1MU7HW8DJSuPa', '6Hmj7SrLRbreLVfVS7mV1S', '64DpBZj4IlDFzCwxTq7azl', '0SVvyfRMFMRJzc0L2odX20', '1bAZV1EBTRi9t1cVg75i8t', '7BHPGtpuuWWsvE7cCaMuEU', '5rfT032kGmLvbxZzfHlu5D', '7kzKAuUzOITUauHAhoMoxA', '3bTyUD39OY8Xu4yOTom383', '0wG4gampO24nC7VKm5pxjg', '5JWPUEov2wlX7c0jhYZpeB', '1b8Zlu3aMVxEbyeospYPrK', '5GKVcvTgnFYtfh25qKQtRg', '4WdVHE3fPUyu5McHAhM3RV', '7fmqJC1yi3tyys0l72F9Ya', '0NslHuacjxQYfUTOW3HCIV', '4EchqUKQ3qAQuRNKmeIpnf', '6bkqSi0jMZr6bX6MGRzdrt', '5ruzrDWcT0vuJIOMW7gMnW', '2ZnEPfXm1CZzhGOn1Ay4mZ', '4mxoJfHYvwuWCwqnZvzggL', '31u6rUeIEXGrYVoh10U7eu', '2VrJMuLt2m9HbifGrKWHqk', '554xaetnSgd1JacizAVaGS', '7Bl5Fqa2g1UFs2O1VJiKhb', '65wICNTM2s1PwXSgKt8f0a', '003vvx7Niy0yvhvHt4a68B', '4JHg4nNYUJQ5HULcCmI18R', '02ZxMmzmXSjOSaHnKsN5ID', '1tuQOu0GEvC70bCFzltK3a', '27aQH9DIJ3ozx3dC91Hhjg', '6mUCYvZ7ch22HsQiapvf4A', '3YB9cvd668HXBEq8rbBW8P', '2UWdUez9MB9yzL7Y81Mcip', '3PY6DWrkuIt6LZgFesrIkJ', '03h0ioes0mfaZIeAO1fV5o', '3Y4rUyw7XBCK6hGHCOt6rp', '5NnQpVPJKpFdGFkIdY1Gds', '0vKGvQdkbesI7RGKX3tRyk', '4LAyHW59Qkj42ZMbas3Di4', '5fVZC9GiM4e8vu99W0Xf6J', '6Bm3TYTfP6jjxUTE6OdXG3', '1R2S07B6YqebXf3SbDK0dR', '7lidXGPXPYLNThITAOTlkK', '2TkXw4b6UqBuKA8y5kBqwO', '0eu4C55hL6x29mmeAjytzC', '2DrGEaqoruCSn0FffWCf5O', '7qJbZJYwX9Q76BUqvBSJGv', '0xOeB16JDbBJBJKSdHbElT', '60eVCXFCuw1WYswBuNZc4H', '3CeCwYWvdfXbZLXFhBrbnf', '2pAD0PKMUMtxlMvz33tYzB', '01wsKcJ8ptqUmatpJlEGYj', '6HDxUR4nMVM69Vz9q1oHIk', '3qaSqrrevBrb84xl5JlptU', '7H71gZwWs3xPWnHM30NDUp', '6Qyc6fS4DsZjB2mRW9DsQs', '4fCs9oQGvZGbnYXBkL4hYh', '2d6m2F4I7wCuAKtSsdhh83', '1gofFAslBqWqeZ1F73GaJe', '3Yvk0ZLxMlt6ioasvdN6vB', '5jSBnH9NyaNP5zdSB3pwgu', '2ux8CLOcArj4QsXygAB7u3', '4FlNj8oEuikVspfVWzMZVz', '3eFepXGITXNDXXHUNqouxi', '0bXhjlgUddDlJzHOeVM4Tq', '2zzLRQ78kKfPTx8FJQCdC2', '6GG73Jik4jUlQCkKg9JuGO', '7CUkeiG7QtB7tPU9f8SANS', '4ShVovnLIlObG43vwaCRkJ', '6xcrYjTKuONMfC1Qoc6Bdy', '5qqabIl2vWzo9ApSC317sa', '4RCWB3V8V0dignt99LZ8vH', '7d3HsxVBxNWx8Q3G5UuHos', '56NkIxSZZiMpFP5ZNSxtnT', '4PtJNlcpEGyNAkYy44m5fI', '3v2oAQomhOcYCPPHafS3KV', '0PNt5WTw092eED0ru9SuIp', '7vKE0fCBGCczSHQmfYC9xY', '5HPj0yTUFEFNia8SWgjq46', '2fuYa3Lx06QQJAm0MjztKr', '0nOF9ewQlwzVU0qKPR2DTq', '0j3obufLXq5toSs592dX9U', '15WbjBy1bzH1UsUldBwwlW', '57Xjny5yNzAcsxnusKmAfA', '2U8g9wVcUu9wsg6i7sFSv8', '5h68UTytwmTJDwoGbqLwzV', '7uHPhUoT4YTPSoH4VkmdUt', '3DamFFqW32WihKkTVlwTYQ', '70wYA8oYHoMzhRRkARoMhU', '2oqEr1DHeyWIYTKBJej7WP', '42bbDWZ8WmXTH7PkYAlGLu']"
Ale Galli,40typl19xf8hu1qq5nm7eiq6o,"['0PQxC8NHgiKXLK3Zm6QoCj', '0DpTRR4HyiDJH4Waoj9hXU', '6rY8VQS4hEgdG3OqKd9lBJ', '3FfgFuY6NO3f06pB7R6nSs', '6BUueuMQR4k7CuoMEsnGou', '0VcgLoEMA06AKqPxxj2YQs', '6K2abrcqbHISKwoclkOn03', '1PmoesTamml0fTaUiTxxe5', '3XucsgiwXb8KPn9Csf9Zmu', '4lstxdn27jZqnTuyaLeJfq', '4Yi4RRhp3nfKR1FDbXlHBp', '39ngG6CdkMkBgESiXc0lOx', '7d7xucQmFY7PoESyJm2V9J', '2onJxm1m1Q638nf2PicYms', '7mRHqbk9dgsJCXTBCWzbDX', '70AH4lwvClHUixegv3l324', '3gUzi41YOt3VExeyHSLsMj', '4f5TKGvkD4TkTjr61GKNAG', '4EC028SvtlC25iHQSG2OIa', '1NRnu8LjiJM3cHcPYy6rs9', '1zfszqoisdKWCIfFToaMHi', '1fdL0yW2DHzcOOUF0fZFv8', '1glWE7KRrRlskjMDGWLX7I', '5KYHtcY0dtXkSxZwtVMjgp', '58Zg9AJY4OVnoFrSjzU7SP', '4j5Lq8BIPMKFKcNj0WHjRK', '5NUTv7iUQY77PyEqyqlgRw', '2tYczSXwMmsf5xkvGXa0wU', '7hbcRsR3AfOtNfjRrZAChl', '0VkRsiJbqTffovcsUYQBFA', '4NAGAsgNfPY2zoP8JfSGXc', '7LFbu8XxTNvATZ1GfAibQZ', '788C9y2A5GSzMZ3uRYStBl', '3fIB4IEcvjlzItwnFUvIBk', '2SdYuBGvuX0L7KbWiFhLzg', '19K6cNyRncbtR4SA78bIHa', '74lz9d1soQih0k9QtN0acn', '7GkOWPMoaJKt62zMLhngAR', '5pVYBehsHj6iiCtiV5UOwQ', '1aHWdsWQooVkRhZL2oU8m2', '50ku9kOIoxwfKfdQCqbe8m', '1CGMJZj8kKIuK9kkO2TT7c', '0tn0i6zH7uEhRDrT0Yticv', '43CigdSvQSNuQs1ccxS7V1', '14XAuSrVFla2uyMiYVwQtq', '7qFgh3NNK5Qv8ZdbW2O4Ss', '3qanl7UCCnorJpPC3M1QCX', '5sNocNCpkiuDIwBqB6eltH', '2r0uxpCJHJC6KDNEVNQAM2', '2XvuRXS2yd2E8RanepS7SJ', '2r3tMClmk1Cw974ByW20ny', '02OFJLIZuX5l0IKApndnkh', '723BtHZOTCxN2xOselHQpG', '0kowoL7HY8wPI6XhWLfPIT', '5hGjnVZzA563cMLHy22keP', '6K8MYTkn5mZzF6p14hV5cj', '49m02sCjcO63fI78pnZ5Tt', '1J6HctZmOX2JTHlOd1VMpU', '6QjpEvmiZIM9qgTQhg5dzi', '0eiQ0yoFFjzhXu5zsSMTDZ', '3iBDMVPpdH191gai24xjYY', '4c2QqTzTeKtlj3QoCzAioB', '1xp1EsyBT4OAWWd8Gkhl60', '4jrroLcBiR5ZCT5C7Itd28', '0IxHQKoQ88BbTOruF42z7K', '45bjf2E1OwkD58JN7CLr99', '01DXwNf1GzEJkYTbXgL0eb', '5IiE6zhjY9rsXRLhIOyX5h', '1PiT23np5EGwuh8Sme63QS', '4xlVDf8pSGnjJGwTT6dyXw', '5AhoYuhVuAl3fqpIhe46qE', '4RXh5hSHOujWqnbYNcqL4m', '2Z9uQAn8v8m6ZPFh4bsqY4', '5OvdvRJusnW210bD9hHYfC', '6YX9c3sbZbGFHylgZq5djZ', '46afjKwG5mhLuJIC9u8KJf', '5w1eX8eQf8Z9jvqTCAtHkY', '05HGu6fi32RmJRO5PBJ4Va', '7rjR36OF6ZPXc6bdoNYKBp', '6ACIFlukKJSlmOHCypNppR', '5p9uRbOaI8YwMa9n3QP4BZ', '1bCqybo9LtdhrNByWLHWx0', '1pHJWDHje5vfV4sTvRNtuT', '477eOHpLpnOJyREyNP3dHG', '4IjDcm8qRdRiwrRtpIdpSD', '2tHqZDSI6pkrvd8I77zvwg', '3Nu1xzgGX1tTyMaw8VdyGa', '2umL0eO9N7iNxDay6i2rVi', '2oyQBfUUcTvMb0ziJU8Z8u', '3z0GeNGWyVduziP1cQ0mFN', '7eA4sopBqbiwCfMvrU0504', '62YtBUOYuyW9qelDb7tFWX', '0ZmgMHj47xZ0Hb780sq8Lm', '7nz7IQI6XfGLbpLB2ZLfXr', '366P2zVfeUUXRo6eYMtpWa', '1rpFM1ZbTZVS1fusCzmzg9', '3nvpyLiAzeKYlfDBrT4Y1v', '4yHWKu7tHW1eYzWCltEbxL', '0CuOlrm9gmvMUlRxBLHp0o', '0SsUOrXUM2gZxVLYizZfQZ', '65Yq5OTH8A69BP35JwY2bG']"
Manuello,l6r6ydnvf8hl1djc2aczqzu8f,"['7r9hUF9vWuuTPqGK3YS6Oy', '0HhSB4nAJpI5expWnZL199', '7vYsSML4ffmNc3mwKPjGsk', '3u5N55tHf7hXATSQrjBh2q', '6SQmh0L5icrThwGDTeLkg1', '45OsJpk7HMJKOnMVf2eQsV', '0V7fFdSCLSCWlvyyiUrQIM', '4lstxdn27jZqnTuyaLeJfq', '2tKH7kT40eTSp8SCf6VKeH', '22skzmqfdWrjJylampe0kt', '5Z9KJZvQzH6PFmb8SNkxuk', '7fH13hSOyNoeiDGbjEnTUC', '1zfszqoisdKWCIfFToaMHi', '6JIC3hbC28JZKZ8AlAqX8h', '40iJIUlhi6renaREYGeIDS', '7aVX95NjONZszSeb8vJZF3', '7hbcRsR3AfOtNfjRrZAChl', '0v2boHmWtxMTD2REGN8MbK', '0PQxC8NHgiKXLK3Zm6QoCj', '4hF8SO6cjphhaCGP3u77TS', '1gyHmYu70kqUhLfEU5gPjA', '2mANvvZYdIBEpY7gizuwNZ', '0E5bmLyxyiHsmc82D5gsiY', '43J1dnrDwNWDGfXBZhnfYb', '6BUueuMQR4k7CuoMEsnGou', '2akvecWLrQBQhzAruyVQiJ', '2Fbj0y0HEUKCZkUsI71PUx', '2p5OyhSm5fS90n0Q7R3r6D', '66b96Q6ljSGILgrtgqvPMH', '1HEGcG1QUJfyyPfq5EMF9b', '1r9xUipOqoNwggBpENDsvJ', '3hFO0sUFgYtfZ2SCR8Xt75', '1BxkDfTQIhGJD6Xupq2XW5', '1gNJOIiZyHhcfGwDL3CXR8', '1PWOkqMORYdGa0OEh2GaXM', '69d3X2Nv5AWHUeTktfOqpV', '5R1RXd5Og15AT9RfUX8nJ1', '5YSR0sWUZk7NuIbkycxndu', '6gBFPUFcJLzWGx4lenP6h2', '7wv8GkrBxS7S5LguyBP9hA', '0SsUOrXUM2gZxVLYizZfQZ', '1PqFDUw5Wgm4IhKkKRH3I0', '4T7nI6RllPyFPXJtIAtC7l', '2xJ2gz29MgP0AALAgWJCtI', '01DXwNf1GzEJkYTbXgL0eb', '5LdDvGN2JwjcmRjVrHIhIk', '52e9HFHtUOfHTET6IrcWUy', '4gEoAHojf8v3gMpoPI3iT6', '58Zg9AJY4OVnoFrSjzU7SP', '4lLtanYk6tkMvooU0tWzG8', '5PjdY0CKGZdEuoNab3yDmX', '3eekarcy7kvN4yt5ZFzltW', '0GaWvzS26hjyY3HGwjJ9YW', '46vfSYsDJZaNQcD4YvT8GD', '75U0n5xhZT3al2oC3I61rG', '6JPEGmxZ9pTBNDCyf4PMbf', '48NEryJWd2W3T6V6yKHzz6', '3IAe6BpxUUktNRuYI8MEhM', '67vjEOTkBppbVLUUq5mEJz', '4QBXMgfDKmmVrYEqICIPxJ', '2m1hi0nfMR9vdGC8UcrnwU', '7F7h1FZ1bgST5JBExLnLdA', '6yaNNYWPjkWHbh1jADEyJO', '55ll7hw5DwWLQou5FwGKoX', '7CxLQIq4kIq8P8UwemcKfX', '7dt6x5M1jzdTEt8oCbisTK', '5dsz7MTrNdN9aMTrnp7sOG', '5pL8J6weoydzXglhsoJ6Vw', '7wMq5n8mYSKlQIGECKUgTX', '6HVRRlc2sBlkcKEkhlsp86', '0FvfjiQZ5vEO4XLGX5Uubk', '4joPYc4W4OCRvppy62LPTB', '7xMMN5LyDOjGry2NfTfUEA', '1zBr4jTyegVrBeGUgZgy7l', '7ytR5pFWmSjzHJIeQkgog4', '2wDBnfPlixUHdqrS1HvpvY', '40zkeKA3HRN8Nzo6kbNOCp', '5E75l3Zb0vzdiDNJczr29z', '6Iyc8ShbNrYHWsCkgvd922', '50nfwKoDiSYg8zOCREWAm5', '3LtpKP5abr2qqjunvjlX5i', '2yuYI5NFhevxa05se7Qht9', '3ya2HVjnFFV9y52uhj3qch', '7wQ5YnN0lxGTaRyHbN2b4I', '4JJtZMgxQgTlBBg7E9Qeac', '0VO8gYVDSwM1Qdd2GsMoYK', '6W30ttL2kUQ5jT4CnXPJdG', '3EqZqcbLCCoAFIAvsl7pqA', '7srDOLMwjMC07Dzs7mqCnv', '2ibSM0nUNCAiZ4V04ZfC6Y', '4EC028SvtlC25iHQSG2OIa', '0jqK7sGTLsHPkQrrcrGuKD', '22iyseivOMmWjH5UtA2cmj', '2UJFzqzkU6eByT6tdi2iLf', '5S8BB5FILokyYmN0BZruDQ', '5mCPDVBb16L4XQwDdbRUpz', '1Wbc0N0X1zkFqnKGcj8Quh', '02MWAaffLxlfxAUY7c5dvx', '285pBltuF7vW8TeWk8hdRR', '1ruZbQWPlMb8TPYfY0Yky5', '1ws9IBGum9LLNEdSVNO2pH']"
Cam,camicere,"['4Yi4RRhp3nfKR1FDbXlHBp', '7mRHqbk9dgsJCXTBCWzbDX', '6SQmh0L5icrThwGDTeLkg1', '5dsz7MTrNdN9aMTrnp7sOG', '5qbVso0dAtoI2gFhj7V8oG', '1ZMGp9MTXbtAPvcKa0U3zS', '7FSEYn1LL9UemeYeuXCHRm', '7fH13hSOyNoeiDGbjEnTUC', '4IjDcm8qRdRiwrRtpIdpSD', '1zfszqoisdKWCIfFToaMHi', '4PYfFHKfjYz6dwAtZhBy1z', '0HhSB4nAJpI5expWnZL199', '21kQljwZIBJ3n2Wx5IEbH3', '6KUwArIH35jzp51AjQDnDo', '7Jgi200kgCNvAuZw2W8Nxq', '2p5OyhSm5fS90n0Q7R3r6D', '0DpTRR4HyiDJH4Waoj9hXU', '4YyShs1DikZWBV6AS3n2We', '4eYTeB1NFdfEcWpAre8kbJ', '4gxRyOZefp95AXZFaztdtO', '4stzXo6yNOYGeTIkniXGO7', '2fQtrzMUMmnnJ5YxSb55MR', '7kktKNHgINrBczPUGoG38p', '52e9HFHtUOfHTET6IrcWUy', '769M2rTiAoL7x2lKDHLjRa', '610JdT4CFgOGOZFHboOhVc', '1MkT5kL2eE8y7s09FxuRTB', '3go5ZuMoFTKl5ugai8nAKi', '1XpmMe95dk9jh3zuOMpeU2', '2tKH7kT40eTSp8SCf6VKeH', '2r0uxpCJHJC6KDNEVNQAM2', '1Oou7m2VuxCDSOdqsu07TU', '4zJL82bt73NiBmFuJncYUb', '36EFgeHW1tOUyMAhZ6cjfD', '1pq4fzp7UvGPLGzueOKaEf', '33Ld05DGJs5DihWM3EH91g', '1DmPwj0KHpDeKsJ6CcCWeq', '01DXwNf1GzEJkYTbXgL0eb', '1IHWl5LamUGEuP4ozKQSXZ', '7sp2D8wdzeyd3epj5NnlLC', '1D7sdScaOxtmb0lInM90SN', '7r9hUF9vWuuTPqGK3YS6Oy', '4QBXMgfDKmmVrYEqICIPxJ', '6DWJhb5KfEbOOXlEcpqfh6', '69QHlK1wzGaY8M5QzB1fNx', '3gUzi41YOt3VExeyHSLsMj', '5hjMhdi5EBlwpcthmhUgOD', '2QDYjH6jUYG61QlEfMyzdL', '6HVRRlc2sBlkcKEkhlsp86', '2Z7sJKCxTH94KCRxJTd4O7', '0t5inYMP3GWjcEeLhJq1S1', '0NnCxwVEBRehikqDx4i2iG', '0N8UI3JyFSif4lKWLbb0mL', '4hZAxSYVhaiFousCQM8LFc', '3zxZa44T41BWejPmrzY819', '26UdsVIpWmlfa3NfvDWC7U', '1AbtrHeUDmWsYUsRApmICf', '1gyHmYu70kqUhLfEU5gPjA', '4jrroLcBiR5ZCT5C7Itd28', '0PQxC8NHgiKXLK3Zm6QoCj', '0fyoavJR4azUynABDmCM4i', '6O8nnqjxQT2HX3MtPwDXk9', '6VwGytUkC11Mj5kcHXggYj', '0RFRr1i6USZRE66r5vB9OT', '7zivIUyCw9MmYftdcayXnN', '7hbcRsR3AfOtNfjRrZAChl', '2Ctj9DfXfh9kW3erTp907i', '7AKMq2HTg8FQs9LE0v9uoy', '5bvsNn7f4m0MTCuUQkMZGY', '0SsUOrXUM2gZxVLYizZfQZ', '2XAc52iETi9FAGypO1oZAX', '1v1ltuBMogS2CxJUW7yCyY', '18HOjcvTVV7W8YzBuOsAPS', '5ychvxJuts6RyjQz2aoXqY', '7uu3YZytpYW15VIfa7ynJk', '22gH5Qg5j5ZzF7LaR7Nrkj', '5OmIiHpRSb3QtQVZQXcAfM', '6WeWS6o2LddqgPKgmW7AVa', '0tD4EXZRm1JGDYWtKYFLWK', '3h043RAJ7tKaG1HDFeet6w', '5qod8ZrZ1weH5FNBPm9AyN', '6fHkpJ8lv3NjRjUtLPFHXq', '18j3OSYaa6d0PjIQetsTKc', '1FYMHrbdJxiiF4ur4ZrJy2', '7gRPkCEa3YMaxET5ZYT7Ni', '6BUueuMQR4k7CuoMEsnGou', '7KnC2wSD0I5Fju3A7qCFX8', '0NwuXciw6eQc4edjwSBnV3', '7EPJ1OFdXVw0eA5gvZziEv', '5LK1zfpswTVPO588AAw6bq', '5b5LAmQZx3mKmhL7PQGegi', '2YMvLfACAlvQMiKonxdeUq', '1LElRnF04TONfEaO4R2wqO', '4XEaf3o2TARKLlVDZmV5Iu', '6yaNNYWPjkWHbh1jADEyJO', '3z0GeNGWyVduziP1cQ0mFN', '3grby0g6UisBuiOrrDXHyx', '66b96Q6ljSGILgrtgqvPMH', '5bYINUZAHhHaC4J0sdeWnl', '0tE8LYz08MdcV8UZUa1YVV', '4DRyrGfwWACRYP9BDnEFcq']"
Fossa,fossabmx,"['5ZGteB4F2eZfemc9PHOPS4', '0tn0i6zH7uEhRDrT0Yticv', '3HJi24JlrMkA47aXQ8OH6y', '5s1CrK5NC0KaQRWkQF0dRm', '5aCJXsRxS5UZkngQhO3DGP', '11oORFasOnblnx6lwLWKz8', '7mHGPB2hXrQHrNvbMGvYON', '5NsOnvpjvH9sCz8TyVOmOz', '5iEZtuuPey1XHuxFTzYlq9', '6jg2iEb0Z75v7s0WSzUYDL', '3yWHQ4n4ARLDfYTuT2NhnN', '7LteLV0bcCJM8KjbUqjGYp', '3IFnzvCjSWqzYkkyeYwuvG', '1CGMJZj8kKIuK9kkO2TT7c', '55PU7VcSkHjboAcQTpZdm1', '7bLNI7xAiNYjERPVt5p4nf', '7EPJ1OFdXVw0eA5gvZziEv', '6SQmh0L5icrThwGDTeLkg1', '4EC028SvtlC25iHQSG2OIa', '6fPGBlx8wsAxhoDn7BwiAH', '70TPpmAKLK49gcs58JqqWy', '7AINlTLLzoduGA7Aw7iUwf', '1MkT5kL2eE8y7s09FxuRTB', '2E27zWyPLrjq2d38bOC2Xn', '1XpmMe95dk9jh3zuOMpeU2', '1mQku2GjQyuuD5Q0kbqwDE', '76YfUp0DTnERvtZokyU6jm', '6oeVsiBAeioivlD0i1T3au', '3fqVnLPhTvtqLNfa9pITFZ', '1r36WzYRZ2qba069DHK71H', '2SdYuBGvuX0L7KbWiFhLzg', '49wZe6prFOo9iSHwsUXrLO', '22rJZF89lhMQTriIgfpti9', '14XAuSrVFla2uyMiYVwQtq', '03j2Lo97VCDprSk8oLb8Gi', '0ZmgMHj47xZ0Hb780sq8Lm', '1JqG3PX3k7SEwiB0srz16L', '3OwMlRnyiwe69rAdBSNEOe', '5rGNMvZh5oLw20vjMaf8VW', '1T0Yxsej1IIwR9Zxx676da', '4di7SwWhQnrj0d5yPPS27k', '4NAGAsgNfPY2zoP8JfSGXc', '6fwE7uyJvLESkIU7o0lcu5', '3h043RAJ7tKaG1HDFeet6w', '5HujDMiRNqZwEzVAh3oFD3', '02OFJLIZuX5l0IKApndnkh', '4lstxdn27jZqnTuyaLeJfq', '0mvmn3At331WFkELzydV6o', '70AH4lwvClHUixegv3l324', '0bwDx46xBEqbIVBEV60ugR', '5DPhgRLUNtlmIDXOLG2Z71', '2uW9jbgrtmdnI922u2DWNs', '3XucsgiwXb8KPn9Csf9Zmu', '6K8MYTkn5mZzF6p14hV5cj', '0I0b7uTFfHhBz5bMkSDouF', '6igv0fIWtPnESXrb55qniE', '7mRHqbk9dgsJCXTBCWzbDX', '7vYsSML4ffmNc3mwKPjGsk', '0PQxC8NHgiKXLK3Zm6QoCj', '1b9gSi3I7ei5NbnM974NOU', '5jA4yKzCXCTj1Ve0jwZsCr', '6uFXqwcPRP9NjarY0GtmvJ', '0DpTRR4HyiDJH4Waoj9hXU', '20CUAezkrxeHroAzlI4Q7j', '1fdL0yW2DHzcOOUF0fZFv8', '0B6URTmcGaWaXCnBtRiDGR', '5R1RXd5Og15AT9RfUX8nJ1', '19MTV4slq11KeCGoF7RQZ6', '6SlOSbRUdlhcyXEmODnM2C', '4qfSKRqtQFHwIeakWITMJI', '6QYX8ZfG0ICSkqTaASvycX', '5SEUWPSZhMJ39KbSMmBDrm', '1wahhfRCppiCTY7wy321Gs', '477eOHpLpnOJyREyNP3dHG', '3twgJUY6T6RpP9cWUEdBrR', '4XOI9bHfcEFupNhLnC1KwN', '1WRAdqI8Z0EB5pub11MWJ6', '1TShEuyAvSJujk6h5czX0C', '0wj4B6cn92IxpuPuDcNdih', '78xAYXMtvQkDvlqJA3fKu6', '4Yi4RRhp3nfKR1FDbXlHBp', '32nXo626Skw1tHWWYXKSKU', '00aZI3Ds8liGrcqEetsEYf', '3FVa0R2evbgjVOd3bejudr', '1aHWdsWQooVkRhZL2oU8m2', '4zvvPtGLxBFKvkQZdrR7N6', '4hF6GW1jBbfSgUDPj8k6jy', '5cddBUMEpPtGC3a2tAhIwj', '5KlQHwczFD9jrAGKxLaG4A', '0EqXYxcdOCxp0yjwAJrbNS', '1Xm2e1vDwOMeJJioWuG1s7', '6rVkw5cFGPRnvK88p6Rs1C', '2Z9uQAn8v8m6ZPFh4bsqY4', '6BNMAb82xLiPv1ZngMQOBK', '4RAyEuL0aFppcqQpQ6JQjo', '7cM4NasvdisyolKMLLuzxH', '0LMKvOt3vDHYj5XGiOMDdZ', '0SsUOrXUM2gZxVLYizZfQZ', '0sBXpDyBeKOcdDkvGfVumS', '0Dz9zyx2w3zYtRK6yp3VKD', '0kBhFZl1m457vCZ6vL6geq']"
Fughi,davofuga,"['1GAIibUEoZjvG4QsrabVWc', '6asxyBmyWGkrbI4xR0u7IY', '1NC5LcAmP5gJcLWVl5tJvv', '5TMLavqGRKNxgzMBrVpC9R', '6PxNpy8jOjyZ8aGCD58LpW', '30h8YS2iYXSTPjqT4txPEh', '7k4t7uLgtOxPwTpFmtJNTY', '2djOxwoE66cQDWST9J3QQ5', '7EQGXaVSyEDsCWKmUcfpLk', '2m1hi0nfMR9vdGC8UcrnwU', '4fouWK6XVHhzl78KzQ1UjL', '16qqIwDsQo5dewCR4A4vaV', '2DgdHcjWmO3qd50RzuBLgZ', '6C6aknFp2XtjIq7xuvyfuY', '2MLHyLy5z5l5YRp7momlgw', '0WBg2If3H9nN9RFl2xO2SZ', '5WJr2nbJj2B5lPX3k5JxTl', '09AvsbivV1FQBRAEBJh7UL', '699iWHyifDYCZArKR16fgB', '1jF7IL57ayN4Ity3jQqGu0', '1fJFuvU2ldmeAm5nFIHcPP', '4zvvPtGLxBFKvkQZdrR7N6', '1hHn2SG7j8Ux61wWiUcXPq', '6CDzDgIUqeDY5g8ujExx2f', '1nU2ooQKyk4CsYJMBdIK4J', '6WGvIhK54ajmod6oLgQ8oJ', '3JvKfv6T31zO0ini8iNItO', '5lN1EH25gdiqT1SFALMAq1', '6yHt6EA2ULLoqfibyCCja8', '68rVGSTnCiFOET9k5Vd8Se', '2J9vby0Y9O6g8Ot9smMmjp', '1Lq5ApqhIWUXzlryFX2K6J', '5jA4yKzCXCTj1Ve0jwZsCr', '69ZEgPX0hxWXJIqkTlYz41', '780be5fB7823aHG06mwTat', '4M6eMu2CMR9MxO2c3MQgaI', '0f0k0OJ9VbaLHX4J1t2qUy', '6ZQf7QhN9jCwyIGOO9rOLb', '00i9VF7sjSaTqblAuKFBDO', '5svL1PkWw8hPEAOdTNLexy', '7gSyy5TCD9efUf9nycpZgD', '1tmxGSXmeKk5NjZh3hIG7v', '5iBlLG3SWhtgjnRtt5Uv4F', '6VUJQqyeQhAZHkQbSDqLtI', '4dTZAG78TpWGifu1kMefaF', '6InKj0hzX0CFIUmvkFYnFp', '3TFtD8GZNw9v6vVWr3hnWy', '3rb0tMq42WfggucPm0HHkA', '6zfczP87XO2SxWlQtnjFNa', '5G1sTBGbZT5o4PNRc75RKI', '5FVIrkCR6GSRIXE3go49GP', '2NlxUC1LiVMjswincnqsdd', '3znMnBqnLizmJ4N8BAhzEk', '25TCZo7eBtTY9MfijFLvcd', '1iSwhRAKSkkLpyo8X8NqtV', '4kTLpAbhuEGHAAdDjOIWaa', '5kWcIgj5CszKQBB0Lg7sGY', '2gQPv5jvVPqU2a9HhMNO1v', '3eQUyz1872GUnrfleEmvAa', '5EwcKVRLH9diJFfBMuPaCr', '50Im1CDeBfRbJUPacCEIOS', '6I3mqTwhRpn34SLVafSH7G', '0afhq8XCExXpqazXczTSve', '4zJL82bt73NiBmFuJncYUb', '3U5JVgI2x4rDyHGObzJfNf', '0PgNhIg5n0UAOBVn43b8b6', '0uIGzK6ukV0A5yWoCxPkRL', '0WpuNAZ9Q2fDdQfn8jSHJV', '76vzW941WbfYjAp7SusKIj', '45zYfgdIoC5wktBIAlIxYj', '47jE6cHrtaLp3KIiPXQ3eP', '1x57LE6Ci3tGBrkDt2tFZS', '5O2P9iiztwhomNh8xkR9lJ', '5aJhuze13LOoLthmiG8YIA', '16EJNayKtC09M0Fi7Py47s', '2iXirbfSLMrhAeho0H6Yxj', '58WOkUl3O9LvLZjdhiQvIX', '3EzNhsh3hCy559XDI44f4g', '6H9Ubeuvqe1unaFhBAfkz5', '493Rk3iS7rs8uPfpnfm95u', '7d9TQCuzda7WIFmXwBFt61', '72T7HDvNzhqnMYedgOl4Zg', '1itMfXkMWipjKmwA4E9mvP', '7oVEtyuv9NBmnytsCIsY5I', '3LcMLFApeU9uCT8VCWEVjr', '5nTkONY4rLBuzMiDoYg9Y4', '2TDeIENQbavBr4qfDNIn3l', '7yq4Qj7cqayVTp3FF9CWbm', '2tKt71zwTkgXUXZwJjji1V', '5C2mUkFTs51bizl4LAaqRy', '2DXYL79kT6KBOztjBCMSga', '2oHsYkh2Vc9OXRyLXLUinC', '3P1w3tnyexMjfY0Eh8spEI', '2GgxS8bUT5G25QJTsfSv0R', '2CEgGE6aESpnmtfiZwYlbV', '4edHoZerfvMGeLz3ohZit6', '0IqQi6pcD94SRXXt8nqw2T', '0AATuEhrQtGDevnhq9Nx2k', '6YZdkObH88npeKrrkb8Ggf', '4GZ3YCkuH0VvTluVLwUp4g', '2x8evxqUlF0eRabbW2JBJd']"
Anto,qhokpua1c15zyulkxf5yul0xa,"['0Z2Rq6nsVIYSe4lSWfFDUa', '5K6Ssv4Z3zRvxt0P6EKUAP', '6rY8VQS4hEgdG3OqKd9lBJ', '2g7xewu0kXt7Uo3X8MBlgj', '2vAzyP21f777MdZNcyt6yt', '58HvfVOeJY7lUuCqF0m3ly', '2V8AxW9KS5i60ccy7tXCP6', '55Dse0BTGDRL90WTvboqLH', '1ATWiuxpIc287Cynakx59C', '5a6ABzVhqgVKI1znaI9tar', '6oYcyS6salzWI1ysjEScFh', '3EsAb3v1HY20ELw1Tr05CL', '4a4w6qgxPpksaIXFt3FNeM', '5kj1AhJxSUums4ddBEaMhT', '1SOClUWhOi8vHZYMz3GluK', '1r1fPuhj9H4VdXr7OK6FL5', '1zS7wXUlPhxdOgGZ7RorQ2', '3UN6cIn3VIyg0z1LCuFSum', '7n377RTKsPkLTbJNWn8Hww', '6nnr14haLuRyJEWdT6bEtC', '1jF7IL57ayN4Ity3jQqGu0', '4Ljs6Dvpz7Arf9Ac8RN7tn', '2w5wtWq30yTkNSG9YjMFvW', '2dhzzwkQt8qdyQ0uS8DxHG', '0ct6r3EGTcMLPtrXHDvVjc', '4AfmZe8i6uNAR5xTSZxqNn', '6sn3FHCq2csvNkq2h9Au8V', '0HhSB4nAJpI5expWnZL199', '0SsUOrXUM2gZxVLYizZfQZ', '3qVJlF4TVTncSq6EWZf3No', '7qJbZJYwX9Q76BUqvBSJGv', '1jRpaRzkH54WWxnGP35Mkn', '1nTvSHpuWOKjSAOaqULVnB', '6bBTzGx5EQ73EIF9ZrtEMX', '5EYdTPdJD74r9EVZBztqGG', '5UqCQaDshqbIk3pkhy4Pjg', '7g7OshelYRRnOSEMmisJVI', '18lR4BzEs7e3qzc0KVkTpU', '0uwNtbl80CvP4EFio32PYv', '1QbOvACeYanja5pbnJbAmk', '5RvCpd2obakLvY1HFJOOYJ', '4M6eMu2CMR9MxO2c3MQgaI', '3JvKfv6T31zO0ini8iNItO', '6Pgkp4qUoTmJIPn7ReaGxL', '20Y43SM5uPdt86NbNWFU5C', '6hyruZsp4aAmCNHoumdoHS', '0ro4aRS1ixgjl13b2JxOns', '0nrRP2bk19rLc0orkWPQk2', '2sNk7X7ZXBJ5yiox9iPbE1', '4hWOoqmsDPYn6GDL3eHaCL', '2iuZJX9X9P0GKaE93xcPjk', '66xn6tB8s3l8uhj02OGneE', '1WWAYAfHPrtxCgllHjZEdm', '15223sfwoQj4IAJL8GSnfO', '5zFglKYiknIxks8geR8rcL', '2EDJkuEd5tvxSAPiXCHACe', '7dB6gRv20JiyjEjSt5phtO', '2374M0fQpWi3dLnB54qaLX', '4gbVRS8gloEluzf0GzDOFc', '3eR23VReFzcdmS7TYCrhCe', '4bJygwUKrRgq1stlNXcgMg', '4lajqBJavxKL3sllt1TcTH', '1yvMUkIOTeUNtNWlWRgANS', '45zJRuzK9e6AO527NOW7Fy', '7Ewz6bJ97vUqk5HdkvguFQ', '46HNZY1i7O6jwTA7Slo2PI', '3CIyK1V4JEJkg02E4EJnDl', '2Lhdl74nwwVGOE2Gv35QuK', '3JA9Jsuxr4xgHXEawAdCp4', '0bKDQionn4VKcgNKbs4SWX', '1XGmzt0PVuFgQYYnV2It7A', '2WfaOiMkCvy7F5fcp2zZ8L', '3qPfbIoVUK4iCFXGVxkK0P', '3eXWV1uA3nvY70qV62uXq6', '6lszzKN72DyDRc4GFCYL0C', '5OJmt1xiOHZJGx8wTUAjEC', '4VrWlk8IQxevMvERoX08iC', '3fIB4IEcvjlzItwnFUvIBk', '6NnO2rbViEDhX6wewADukc', '6KOkY9jzMfe28e2likaoWC', '3ovjw5HZZv43SxTwApooCM', '3jKxEuWXKfLxapQH9XZRcC', '6mkMtAErnMpuCuEF1H9nZP', '009ImBOrIUlWgla8U05RAC', '2oZagYx3ZyigFqguLrbon9', '52e9HFHtUOfHTET6IrcWUy', '5E8aEem1gRFXXoBA4wESqg', '5GAvUPrrMhUco866YqYKBf', '6SrriGAtHnL1OMROo7oQNH', '4nOX2Uf2Rt4RJqR4QqRadV', '5mpOciHiFpsamVXGuHZQXd', '43jktIPo6WCtUZacyoTqpd', '361UCyu0eeQnfw2FCEy8tv', '1z5pWZ6yrGR68QhayhrOTB', '2p5OyhSm5fS90n0Q7R3r6D', '0aTc4YcduJQPmGE96q3GTz', '1kI7mZAziaRfBeAOraRW1i', '0e1q6FXRsGMdBgOe4qLHXe', '64xfwXyv35n7pWpIDx664i', '6LfhLnuSB7S5y176ayHvd1', '0RdUX4WE0fO30VnlUbDVL6']"
Christian,iw05lofaizn72mk59xuiteuae,"['3wCB56oq3DwkzglS3G65EL', '6oYcyS6salzWI1ysjEScFh', '0CuOlrm9gmvMUlRxBLHp0o', '1WQxLQxEDMDwuaAmRXDHIw', '3EyZw5sCXxOkE8EWsOIkB1', '1x3Qb8np6S1UvpSLthwEJN', '45OsJpk7HMJKOnMVf2eQsV', '0HhSB4nAJpI5expWnZL199', '2JQ6n0wH0i4cPsWUjZ8tDb', '1ZMGp9MTXbtAPvcKa0U3zS', '0PQxC8NHgiKXLK3Zm6QoCj', '20on25jryn53hWghthWWW3', '3d57bjhPwQveLenTfpAEre', '16EJNayKtC09M0Fi7Py47s', '2tIyoiGw4F82z2C8zb7eZB', '39CXkMn8AAFu3qwnZHJCNo', '4zvvPtGLxBFKvkQZdrR7N6', '1uXJYnCsXy2v50y0fDEEiV', '4A7tYODnFfrS0mymGZOEMJ', '3gUzi41YOt3VExeyHSLsMj', '5iBlLG3SWhtgjnRtt5Uv4F', '0b53fWGqxHfsdyzkwlEFFl', '1CGMJZj8kKIuK9kkO2TT7c', '4QBXMgfDKmmVrYEqICIPxJ', '5zn8ZYHtLtbwaMF9ObwL8A', '6BUueuMQR4k7CuoMEsnGou', '0MiX0Ui5JQkd4nwu7D7qQb', '1PWOkqMORYdGa0OEh2GaXM', '5BqUbKq9rCMrCkRtAiz8XA', '5b5LAmQZx3mKmhL7PQGegi', '4szQkW1CDHqbRZGltXJdd3', '18E4wq8is4m6wL8HxrEaQ9', '5jA4yKzCXCTj1Ve0jwZsCr', '01DXwNf1GzEJkYTbXgL0eb', '1MCSc1ZxlwV5muFXKocAnW', '22gH5Qg5j5ZzF7LaR7Nrkj', '6GqbjGT2Phm490iW8xPqcF', '1FEAEKjVQLZuSeb0omUxep', '0LgTs0nP7zgSaCMQHGsnEh', '40zkeKA3HRN8Nzo6kbNOCp', '2OewgwaDHgeMZepcAyVlzy', '18asYwWugKjjsihZ0YvRxO', '53bkkJVnAHjJms87ESSFbM', '3XucsgiwXb8KPn9Csf9Zmu', '4LSDn7GlMu4DkZMfxxwqTM', '0BeXxjO6mgLDzg4xA6UheO', '4IjDcm8qRdRiwrRtpIdpSD', '37hdLoozh7mKLbDeO5GAt8', '33k2G8hREO3QbEkWx3PC6G', '5Z9KJZvQzH6PFmb8SNkxuk', '2cf1g08CvDuhwXFqxjetQi', '2dyQYsU8cJLSGpVsbOy0CO', '4WaOdod1pYdrvY6sjny1jZ', '1S1hUgw8Vg69BS6b83H3tV', '2WiQNsxZFxRr1Otx0OIfY4', '5O6w2iUCO0z1n7jXXF0H8b', '6K5tKYr2xhvHXSAVwhMEcu', '0E5bmLyxyiHsmc82D5gsiY', '4D6Fqi4poHDu04nLpsvkfx', '7fH13hSOyNoeiDGbjEnTUC', '1ESa3YMv7iTLSD5IM2cSSU', '7CxLQIq4kIq8P8UwemcKfX', '7d7xucQmFY7PoESyJm2V9J', '1XpmMe95dk9jh3zuOMpeU2', '4WImQJDzGuT2tUV22tsTma', '2p5OyhSm5fS90n0Q7R3r6D', '6z7tGTD6yvyloEm6K2H8EX', '3yWHQ4n4ARLDfYTuT2NhnN', '6bMJkRMl8ukFj6w3p2zouw', '0omsXk5kr8yUfpzwvAiRXB', '5E75l3Zb0vzdiDNJczr29z', '3NI4VgVswVf503sOiZvv4m', '4mDvbHHwbZwRTttwEP8k4Y', '7BGJ8ZkdiLsSthNIVDCE9T', '3eSSVIw9YbVm1SLNxqtdjR', '46nvQpUDsxpS08UTFOeKTA', '0ZqhXLsu4Cql3YybRcktg2', '5YSR0sWUZk7NuIbkycxndu', '6Eut6MtJYENAxBtNG0stnT', '3uUuGVFu1V7jTQL60S1r8z', '5XDWmsJj2ZUPShfkvtZcRX', '7aVX95NjONZszSeb8vJZF3', '0mOF3hQ4UNx8f19iuzYxJN', '4zN21mbAuaD0WqtmaTZZeP', '67jVcjWfQDuRVcGXsuZUkY', '5vUnjhBzRJJIAOJPde6zDx', '0bKDQionn4VKcgNKbs4SWX', '4EC028SvtlC25iHQSG2OIa', '45zYfgdIoC5wktBIAlIxYj', '0GaWvzS26hjyY3HGwjJ9YW', '45zJRuzK9e6AO527NOW7Fy', '4tC2tHKt8xZfm36rqXSQxJ', '2djOxwoE66cQDWST9J3QQ5', '4c5d677HzyvWnh3s6f0jmk', '0iRKVjfQzpr41T3WsU7shl', '3lN2jXIlpMJETk3zzFkoAy', '6ssmfVTtm9TdObC3cF2ut5', '1eDC4NiUYgQSKpKDIvXxi4', '0tRj4m46GRFrBS7IsbS0Gk', '4xlVDf8pSGnjJGwTT6dyXw', '3dz3R9jDrvHldvfnSSTz3p']"
Thomas,elvica2000,"['3Bi3VquB5k8G5Me19IpdGl', '3z0GeNGWyVduziP1cQ0mFN', '6SQmh0L5icrThwGDTeLkg1', '63ZedTAVRCICh2CNLWnsPZ', '6ojrj2NSj3EkMm05yiuaMG', '10xV5l9nhLvFpR8mqzs0bL', '1MkT5kL2eE8y7s09FxuRTB', '74lz9d1soQih0k9QtN0acn', '4NAGAsgNfPY2zoP8JfSGXc', '2FEUloDXMvRnyfLcsrCfkw', '3eJH2nAjvNXdmPfBkALiPZ', '6cUzgSDiOLBJkNir41dt04', '6c32C8T3KlXrbvWSoD5aON', '1XpmMe95dk9jh3zuOMpeU2', '7uvYHwfvmsCCT0009ZNTZ0', '14XAuSrVFla2uyMiYVwQtq', '0g5EKLgdKvNlln7TNqBByK', '7d7xucQmFY7PoESyJm2V9J', '4zN21mbAuaD0WqtmaTZZeP', '0zqBZqm5czQ3A4EoSdKFHj', '2Z7sJKCxTH94KCRxJTd4O7', '3uUuGVFu1V7jTQL60S1r8z', '4jPiukdGJPUdD9aEIfEL4x', '7INi4pMPG4IE0Smx5y4KVf', '127uq83uGFapbddqiMUKky', '3fIB4IEcvjlzItwnFUvIBk', '6P3FBaZfUjeWYExU2ShaPZ', '6BUueuMQR4k7CuoMEsnGou', '1MrRrD8A0aUdRcuAhCh1Ui', '18asYwWugKjjsihZ0YvRxO', '5xhFO6kaUjGcSezSp5hIhG', '60eOMEt3WNVX1m1jmApmnX', '6hf0RpxTbOprT5nnwzkk8e', '3sa06xVNmLLYIxdNNmVQN8', '7N06jo3EnV792VFaG8vuW6', '1bgKMxPQU7JIZEhNsM1vFs', '5yIVCbjYf85Ixuc8ybba6s', '4uUG5RXrOk84mYEfFvj3cK', '6oYcyS6salzWI1ysjEScFh', '2VYtAJuuOr6RyOOggzSTIB', '5HujDMiRNqZwEzVAh3oFD3', '1Ok3Z3XAPy9TjmNvbn7y0L', '3FfgFuY6NO3f06pB7R6nSs', '4gbVRS8gloEluzf0GzDOFc', '3wPPWcVuinAU7dXcJXtCID', '1FEAEKjVQLZuSeb0omUxep', '1xp1EsyBT4OAWWd8Gkhl60', '4Yi4RRhp3nfKR1FDbXlHBp', '188QBQWQFRJtLX7VfU38Ci', '4BWqz3CeaHSW7EiP5R9bi2', '5j0YJ7MrqKqtVyoOT1ruUF', '298vG7EUMAUWmvapd4PHL8', '4IQpT8aOGChYX4ORMOW0YY', '6t94PGXYAuo9GbJEnMpPcW', '5Ik4kjXrJswlj17Gqf4MPl', '6f3Slt0GbA2bPZlz0aIFXN', '5qbVso0dAtoI2gFhj7V8oG', '02MWAaffLxlfxAUY7c5dvx', '1IIKrJVP1C9N7iPtG6eOsK', '01IQ4aQgOf0Kkq3a273hmO', '1ARv8VDHzs8DnWHnty9wvy', '4FUFk1uJuPtUJrDQ8ZSylK', '3873SILuVfMn1Dvt6wrdYA', '6G7r3yTCXVl1lXmFSkzEYB', '50DsGEqRiQr6KdEYi0NuSP', '6zvHwijlnwqjS6d46yAffi', '77yGu0p7APK39lotu7CLk5', '0rHVd8h0cFwgLgPFem6S60', '1T1P4aZxStasNK76EfyZcF', '3HiQ6Tn1mWVgYDLgeaxjS5', '0DSq4f2grIJOrawmfXkrRy', '19K6cNyRncbtR4SA78bIHa', '3FeVmId7tL5YN8B7R3imoM', '39cmB3ZoTOLwOTq7tMNqKa', '52zq2a71SGs3f1vJuv59ui', '5u8Y0lAUlBLwuhpXSDUGf4', '0AH6WMe3OlAlUb5miXt2FQ', '15kpbj95JXuxQgEYcg5g80', '1xV89fEoj4JNCrbMq5rA7G', '6r4QPSgVEV5ZXJVqarKaQn', '2WZLaweYiFKTR3SANawH4J', '0HdrGJfHWYG5A0cNhiMDG4', '62YtBUOYuyW9qelDb7tFWX', '5fnA9mkIfScSqHIpeDyvck', '7CLRoWBqSizI8Zpolsud5K', '22gH5Qg5j5ZzF7LaR7Nrkj', '4lstxdn27jZqnTuyaLeJfq', '0VO8gYVDSwM1Qdd2GsMoYK', '4qB9e24mvDa5rG93OnmiC8', '4zCEJUxsW73s2sIIoM4SLC', '0Aqi7ArnBrGblW5T6p2jmD', '4EC028SvtlC25iHQSG2OIa', '1gihuPhrLraKYrJMAEONyc', '3rdAz1fbUfZxYgaCviYhRo', '75UUG6x5zQe0gCVOiQpa6X', '6K8MYTkn5mZzF6p14hV5cj', '1louJpMmzEicAn7lzDalPW', '3vySEUpD0tc801F2WZDLYw', '4B7mXGdCLQFulSxPTIEjPu', '6Jl7TcHDKlM8pBfupmRpwp', '1YmyHCxLKjLBBNQU51yQOh']"
Maude,maudevaglio,"['4RVwu0g32PAqgUiJoXsdF8', '7mYHGwwaJTLvZ8K3ppVcJM', '4jz3eqH3Y8j565cUe3aSOq', '6bYWgUmK5MYEhTqNovU6tQ', '19yag4qL1J2lwjSSgwSXVG', '7HMz8o0m7ASQ3ImFPfhWTY', '5LYMamLv12UPbemOaTPyeV', '5EvCha7wFfgkCw2MQuxhWy', '7bLNI7xAiNYjERPVt5p4nf', '10hMM5nsZQf66ldBlgWBfG', '63mdY4U0KvnbMkUEc7FHN8', '7FFEELwOi1WO78d3jNR4jJ', '2E27zWyPLrjq2d38bOC2Xn', '140mKM0QazbT10CiJL5vwZ', '0UvCh63URrLFcPkKt99hHd', '4UmgAlxgHZbIdaVwXhob9H', '7CXwOsJN3XBiud3Z1eFeeW', '0bnujOwLlCGj5YC3zQRVyJ', '7yq4Qj7cqayVTp3FF9CWbm', '0ReLmYyWke7yAGa4uUOVgw', '3Wrjm47oTz2sjIgck11l5e', '6hLEPly11XS3mFlG9AyO4T', '3A9thYM7FgbIgTWGhS20Ul', '1KRTSDtOVwd4oTZ1gfzluB', '6PTxwEyZm0lI4nR970KPsz', '3JvKfv6T31zO0ini8iNItO', '2ICxfKYY5R1EJTIE25r9rZ', '4jHT8jtZe3DZGaqJjmkjyS', '3U4yZniE7s9tDA037nUG2r', '67iAlVNDDdddxqSD2EZhFs', '22skzmqfdWrjJylampe0kt', '3nRk34K3sI8FVbb7vM3ucW', '009ImBOrIUlWgla8U05RAC', '3nqQXoyQOWXiESFLlDF1hG', '6GqbjGT2Phm490iW8xPqcF', '2BQdf2TPhykNwK3UhZK5Xx', '39lO45AM0W7e2joynDxZAM', '59CfNbkERJ3NoTXDvoURjj', '59QLgUuQ2Lel4szX919x3O', '2Yqu17I4aySNBwlWCaIsIW', '3K5ZdQEvfg9XrD5RVCq7Hp', '6dcLNkvKE7zsCUqsMYM0eT', '247o8OIbxzEBGVrgZ58Hcu', '3ToOxwXFZ8p6AGXhSk302Y', '3FVa0R2evbgjVOd3bejudr', '6Tj82tvIsDmfMTskuomuEq', '2T3jgoAMbBXiMMD8pSc6QL', '50G8DeYTqVclCXSpTj46tu', '3nLZu8yaHzJgFqfYIKPMRo', '6oNJqGeekJO8rADd2Mktvi', '3CXFLrWD9LoyPbKPTSUkQH', '0H72TPtI3fkyOBenuoVTUW', '1ULzttQgU3Q9EaIpdoxF1T', '2MSgFefjK0T7Iwjvr3OKqV', '1jDJFeK9x3OZboIAHsY9k2', '2oEL58h1BkS1DY7raK6Ifl', '7Jh1bpe76CNTCgdgAdBw4Z', '64LTn5fTsPR0QLy7bVYl9w', '4rDbp1vnvEhieiccprPMdI', '4U45aEWtQhrm8A5mxPaFZ7', '4av0a3aXP5zKjblhNBdQUk', '1V7hvLe3fpZTMoqKLkBDgW', '1eDC4NiUYgQSKpKDIvXxi4', '63WuQOXohQIxOxIFA2K7bR', '5fdNHVZHbWB1AaXk4RBGVD', '49FYlytm3dAAraYgpoJZux', '6UMOpKOam549hPEhpLtS9L', '1Ame8XTX6QHY0l0ahqUhgv', '501CDgoWonAWpp7FCyPkIW', '2vAyFmd5LfkSCIHA8uuya1', '6TkDRZTjNLZZcrSQyjUSZZ', '2u9VGZmVz7Rm01SfDgzcfA', '3tRT6unYEvgBTbAdAWPSVp', '7ci2JgRHMiVIAueWOiWMye', '6EriOgK7cLzYsnNEHTnY36', '2Hnurh1BcigGbCGFOb4Uid', '4k038uwzZINTcDz1ApzHJ8', '4lY8zSMSnRNRuHTtNm3qou', '4Ub8UsjWuewQrPhuepfVpd', '3Fcfwhm8oRrBvBZ8KGhtea', '5EAgXGJ8Kw5QAfhQkZXYqT', '0Dz9zyx2w3zYtRK6yp3VKD', '2XMuzAVJI2cWIrXkdIg7JH', '1yr9HpAu3prvxmq783ZELn', '1lfjTOtTRUDkzcmahA4lcs', '6Jn9qoprkuSfsRW7tTRkOV', '6Uj1ctrBOjOas8xZXGqKk4', '1FtqYazfNvsqR4CQvzrrD3', '1JaOUMmaSZlWfONvT4HTlg', '4pJK3wv0sGPRXJlUmNLdhL', '2quJ0E55aBpm2Dcu58GhMV', '7hCNBVRhHzcsRAv0TQnOzq', '1cODR5REbYiQMj4rlapaq1', '71ldpwclSliEuoun5SAAWP', '630zE7N1xPxdK2Zz4S3rPA', '7Fs8VvfKUBq9QULOmXDvJ3', '23RrXQ03rPGGMGAhP8tXJj', '2agBDIr9MYDUducQPC1sFU', '1upQiytDIEZfl9ItruoXuC', '2k2MprlqkmDMKKOOWGREzW', '3Rda4GhwR3aCa0Ig7otb2V']"
matipelle,matipelle,"['0PQxC8NHgiKXLK3Zm6QoCj', '1pTw2cNrp9L3esxLAvWnN2', '5a6ABzVhqgVKI1znaI9tar', '22sLuJYcvZOSoLLRYev1s5', '4EWCNWgDS8707fNSZ1oaA5', '3RlsVPIIs5KFhLFhxZ4iDF', '1BPybPVkDfUjFDvqG04l58', '0ButnoyujuPzlldb6HdFV5', '5ildQOEKmJuWGl2vRkFdYc', '5HLXH0bqjagJRLm7nSK1g9', '5a251qN4R86hro8UZGuO4E', '5b5LAmQZx3mKmhL7PQGegi', '3GW3dMxqIbl14cZtpLRQBy', '75FEaRjZTKLhTrFGsfMUXR', '4EC028SvtlC25iHQSG2OIa', '0HhSB4nAJpI5expWnZL199', '0AO2RPbzoaNRlNmnk70oRt', '2CtCwQhY0ZLvr8L2l8Bo6e', '39lSeqnyjZJejRuaREfyLL', '6SQmh0L5icrThwGDTeLkg1', '0RFRr1i6USZRE66r5vB9OT', '5yfE6GXTuJaAlepKoE0wJE', '4Y3889XjcyuyMxTOjT30TE', '3nNxdeQX9iFeuosMcFEeDd', '3yWHQ4n4ARLDfYTuT2NhnN', '6NSqiyQWIyZLouviktad9X', '1t0vvwpJZXnZQTHV7gJl3l', '7iLuBTHJSXM2HalKHFqEEy', '7pSFMd9OqviU7J8OWXneM7', '2grjqo0Frpf2okIBiifQKs', '28VzMyrs6r5pJtV0X0DMSd', '23M7cQkNJLiddeubvVgaQl', '1oHClQEgDmmbcEx12Kc5nZ', '3h043RAJ7tKaG1HDFeet6w', '1EzrEOXmMH3G43AXT1y7pA', '47BBI51FKFwOMlIiX6m8ya', '7y9yjpRtZajYzVpXHRjwGz', '6JV2JOEocMgcZxYSZelKcc', '78kygHp1dvW1kncYjBgbe1', '1bJn4Hfj4xa58Jse9bQrN1', '6RwXS2TY6JFKiZSJM9hrW6', '5ByAIlEEnxYdvpnezg7HTX', '4nS6mZBLYgtksYyXsuXgBw', '0Z2J91b2iTGLVTZC4fKgxf', '2tUBqZG2AbRi7Q0BIrVrEj', '4qsHN0A1uiS4stUbDjlUbe', '21pySLskKIKrhDziCX5ojQ', '30cSNer6TV8x2utjULVeQ5', '0GjEhVFGZW8afUYGChu3Rr', '7xEy6aGKzIQGfZt0sepsqo', '4n70dNUzBbTtfMBHV8DGiq', '1P6TlFb8EVH2nCX3luVpZW', '00Mb3DuaIH1kjrwOku9CGU', '0koYRm9MYr86fdKyaBuSiG', '50au7vYb1sD3a8UkMGhalB', '2IQu41y7HzWdt6nezE2lhg', '38UoVEHcZ85EGBo6k79643', '7LqjznQwfrax7MjQXmxqdQ', '71r3UlkV7sWvUYjas5paqi', '6BUueuMQR4k7CuoMEsnGou', '4QBXMgfDKmmVrYEqICIPxJ', '3z0GeNGWyVduziP1cQ0mFN', '1jDJFeK9x3OZboIAHsY9k2', '6Wt5QBzHp9vdSLAFlvdnDQ', '22gH5Qg5j5ZzF7LaR7Nrkj', '7I9l9qOYfdUMuSO6Q4VQtZ', '4kXxEhuatrvwrTQycA7s9B', '1ktyKCzfI8hooCJP3X2yP5', '2u96akbqgCRtkjfLMYrgZo', '3E7dfMvvCLUddWissuqMwr', '0oerlffJSzhRVvtDfLcp3N', '4cS2HQ6jK80vqdY9ofpztx', '4hfIVhq0F0zFUcrbecsYmo', '65iyI1iybyv5ecsfBHSdUf', '38T0tPVZHcPZyhtOcCP7pF', '3Kkjo3cT83cw09VJyrLNwX', '31n0IigR561jYALhTmwN2z', '3gQkyNcw4YuyeUcFM5d9TB', '3iVcZ5G6tvkXZkZKlMpIUs', '5Ts1DYOuouQLgzTaisxWYh', '5A6OHHy73AR5tLxgTc98zz', '1M4OcYkxAtu3ErzSgDEfoi', '2iZr7VTC4MKWR2Nfk2WUaO', '7uKcScNXuO3MWw6LowBjW1', '6o2g1BJvtYQssH84kBYs7y', '4zYTZvtcww7OWKie7fxA9E', '4r8lRYnoOGdEi6YyI5OC1o', '0GaWvzS26hjyY3HGwjJ9YW', '0UN5OvKlbg06LnZyVk48ll', '7qtAgn9mwxygsPOsUDVRRt', '4hArX7vFWANuw0gCA1KG5k', '5mi5eGXfEekeC34FdgUrgQ', '25fqrbEPDnqe9Bf8RLL7an', '5rb9QrpfcKFHM1EUbSIurX', '6H01lZiYF1zWlPqpJlu9as', '4ThoVGWZoI3w0eKvKlWkej', '3fIB4IEcvjlzItwnFUvIBk', '4jPiukdGJPUdD9aEIfEL4x', '6I9VzXrHxO9rA9A5euc8Ak', '45hOioMDJktr86iKDHC8gr', '0KbIwqCAHmXWu7hrszXY6j']"
Naginni97,31udo6usr5a2v3pfyql5d6phwygi,"['07MDkzWARZaLEdKxo6yArG', '56NkIxSZZiMpFP5ZNSxtnT', '1WWgMk8nD79p8VeKFGYrOw', '5bvgRxco3jgSZ3SP8rueDA', '2AT8iROs4FQueDv2c8q2KE', '3uMgJ5cEdifcmDKqTh6TB5', '0d28khcov6AiegSCpG5TuT', '55pM55sbWsNOGqkQcitvOn', '5e9TFTbltYBg2xThimr0rU', '5vHLwhxxlGzmClMcxRRFPr', '6Em6BtxvTsQrXFsFVzAEym', '0NDKrxRuw0H3tZxbpYIhze', '6GtX0jaNL8IjVQfrDBx81z', '0ofHAoxe9vBkTCp2UQIavz', '3cUxncrTWSA9lhlQbuIwUY', '0xUsNEpzzdGDZU9It4gjf2', '4nS6mZBLYgtksYyXsuXgBw', '556l9P7WVZVyYUBjT1YFTT', '2DlHlPMa4M17kufBvI2lEN', '4Jv7lweGIUOFQ7Oq2AtAh9', '3fjmSxt0PskST13CSdBUFx', '14XWXWv5FoCbFzLksawpEe', '7eZyj92v6bZsoQ85MxWZsO', '5G6jHSoLrzhtPBhS2gMvfW', '0qXP5fMhxGzxALOkXYUxfP', '1ixbwbeBi5ufN4noUKmW5a', '46joZOtZOQk9t28LduYGr7', '5n0CTysih20NYdT2S0Wpe8', '4GF6LAJOxoKJO2zwXIb2gY', '0PERS23jNsjcjBywXLvpyc', '3lYygB0HK3tl1gMWca1CtZ', '76G5L5EC20PrZkH1vvT0s2', '7v9VgPcjy7gPRsHZjKPUhU', '0SzvmWfOhoxZVGrmvb56YL', '3vN7oPCojoXNx16J1PGSGa', '6J0bdIZElZMymahgVWRE9B', '6PUPRb62MyZo6MRlEQZKFq', '01BCvCKQNDmFQQQSjrzPnm', '1HNE2PX70ztbEl6MLxrpNL', '4av5ZotiMRXhL1GED3m421', '0eDQj41kzBhMKQIkTt6OJR', '3RptaQ5Xb8WvtpItZ2f9Hi', '5e4LU96DCzGQ8JPsunG1X7', '4dyx5SzxPPaD8xQIid5Wjj', '2wygBuUWMXrQujBBlwhDCL', '5n80tWgWeYThPq33iybpzU', '3zBhihYUHBmGd2bcQIobrF', '456WNXWhDwYOSf5SpTuqxd', '2QjOHCTQ1Jl3zawyYOpxh6', '05oETzWbd4SI33qK2gbJfR', '6FWkfBaqMneWZCeVnEzln4', '0GE024PvxeiXAuK5ZtCEwT', '0BxE4FqsDD1Ot4YuBXwAPp', '4GKcaqt6PFor4siHXMO42e', '5v8aEcHcaJIGYpfVVPtJjI', '2VDkE9sdVpQAgEqH5fvTMV', '3XwbooLtQMxO18LHNQtUT6', '24DM7r7uQyD3PWvCILRGv9', '7nd1mwoAAFtJjmjfdyOUwg', '4N2yjWLIxZjOXDrCu2VlJe', '7kaSoPMXosinhFVHR4S5BN', '3ibnXjXTxiQQVJsoCffeo3', '4huJ6CDy9koUDhr5Berssn', '0jk6J6B9ivegJc7dTg10Mp', '7M3HuQRRAm1QD4kftmq0bb', '4Yf5bqU3NK4kNOypcrLYwU', '5Z1E4jrUzitOQRczI8gfSL', '3BIIJgBJJ7NhhCv4MI6n7w', '1Zlblv2hc8bvlYFQe5ADQy', '55N8cxpE1QDoeaaNqUnoZ2', '5OHbgQbHzTjolHzWffSrvn', '6K4t31amVTZDgR3sKmwUJJ', '1Q3t9fWvHUXKsMmpD2XpUu', '3pHfwsB5HWDAJMr5DOhZ1e', '3M0tH6TS6OTbvxtpsDJRRw', '7L8cIUKXToCr6PV9hFoX3Q', '1o5jmMhhk2UZ9YP1X5fXfj', '19kX6hSlYH31js2SL4jgrj', '2YZkw3wc0uDMSOnJaIXykX', '1MQTmpYOZ6fcMQc56Hdo7T', '1Ic9pKxGSJGM0LKeqf6lGe', '2XPmTamsj7d9i3gzLCL4JI', '3MS2wYSS7EVUhhzRZjvCQA', '1Ud6moTC0KyXMq1Oxfien0', '11LmqTE2naFULdEP94AUBa', '2wdTyQevxBPHraGsFGiyjx', '7L7QYf7S6wg6pseN2C0d6K', '7FjIYiD53wxlQmzTT6Wdpf', '1Q5kgpp4pmyGqPwNBzkSrw', '15VRO9CQwMpbqUYA7e6Hwg', '6GQUygYI8mSo20D8nTJJ6U', '0DHlNXYpkBoCCyslJDcLel', '43nFhoG7Kenn6b5cbKrBu8', '605E2oDpy3uSIhbRFcrQyn', '0LtOwyZoSNZKJWHqjzADpW', '5ihS6UUlyQAfmp48eSkxuQ', '70gbuMqwNBE2Y5rkQJE9By', '2fyIS6GXMgUcSv4oejx63f', '1aJwxjWEaP7SOWZ3ejaKej', '5WpVPR57tZoHJf9g30eEaw', '0pU1HbVdZbEjEfIwm6LVrt']"
